"1","7","包子",,"http://file.haoyunwuyou.com/fc016201712251353179318.jpg","17/12/2018 11:25:33"
"2","7","面包",,"http://file.haoyunwuyou.com/f6524201712251348289780.jpg","17/12/2018 11:25:33"
"3","7","红豆","大红豆，赤豆，红饭豆","http://file.haoyunwuyou.com/f61c2201712251344134132.jpg","17/12/2018 11:25:33"
"4","7","芡实",,"http://file.haoyunwuyou.com/71089201712251341108945.jpg","17/12/2018 11:25:33"
"5","7","西米","西谷米，西国米，莎木面，沙孤米","http://file.haoyunwuyou.com/5ba59201712251220526861.jpg","17/12/2018 11:25:33"
"6","7","籼米",,"http://file.haoyunwuyou.com/5fb59201712251210586005.jpg","17/12/2018 11:25:33"
"7","7","醪糟","酒酿，酒糟","http://file.haoyunwuyou.com/706e0201712251209346864.jpg","17/12/2018 11:25:33"
"8","7","麸皮","麦麸，麦糠","http://file.haoyunwuyou.com/62f5e201712251204051948.jpg","17/12/2018 11:25:33"
"9","7","葛根粉","葛粉","http://file.haoyunwuyou.com/3eb2c201712251201181072.jpg","17/12/2018 11:25:33"
"10","7","大麦","元麦，饭麦，赤膊麦，裸大麦","http://file.haoyunwuyou.com/1e18a201712251147163086.jpg","17/12/2018 11:25:33"
"11","7","花豆","花芸豆，花纹豆，肾豆，大红豆，虎豆，福豆，虎仔豆","http://file.haoyunwuyou.com/ffbc6201712251146016682.jpg","17/12/2018 11:25:33"
"12","7","黑豆","橹豆，料豆，零乌豆，乌豆，枝仔豆，黑大豆","http://file.haoyunwuyou.com/c45fe201712251144318385.jpg","17/12/2018 11:25:33"
"13","7","糯米","江米","http://file.haoyunwuyou.com/0ac84201712251143148067.jpg","17/12/2018 11:25:33"
"14","7","小麦","麸麦，浮麦，浮小麦，空空麦，麦子软粒，麦","http://file.haoyunwuyou.com/3d4cd201712251141506108.jpg","17/12/2018 11:25:33"
"15","7","麦片",,"http://file.haoyunwuyou.com/e0bbe201712251140083833.jpg","17/12/2018 11:25:34"
"16","7","大米","稻米","http://file.haoyunwuyou.com/46000201712251138245918.jpg","17/12/2018 11:25:34"
"17","7","馄饨","扁肉，抄手，清汤，扁食，云吞","http://file.haoyunwuyou.com/a7664201712251137086810.jpg","17/12/2018 11:25:34"
"18","7","饺子","饺饵,水饺","http://file.haoyunwuyou.com/f8d62201712251135256292.jpg","17/12/2018 11:25:34"
"19","7","面粉",,"http://file.haoyunwuyou.com/15faf201712251133597288.jpg","17/12/2018 11:25:34"
"20","7","绿豆","青小豆，菉豆，植豆","http://file.haoyunwuyou.com/c1b9b201712251129045524.jpg","17/12/2018 11:25:34"
"21","7","薏米","薏苡仁，苡米，苡仁，土玉米，薏仁，起实，薏珠子，草珠珠，回回米，六谷子","http://file.haoyunwuyou.com/fe049201712251127332449.jpg","17/12/2018 11:25:34"
"22","7","高粱","蜀黍，木稷，荻粱，乌禾，芦檫","http://file.haoyunwuyou.com/20654201712251125424350.jpg","17/12/2018 11:25:34"
"23","7","青稞","裸大麦，元麦，米大麦","http://file.haoyunwuyou.com/f4a6e201712251124249111.jpg","17/12/2018 11:25:34"
"24","7","芸豆","菜豆，白肾豆，架豆，刀豆，扁豆，玉豆，去豆","http://file.haoyunwuyou.com/3fdde201712251122405911.jpg","17/12/2018 11:25:34"
"25","7","黄豆",,"http://file.haoyunwuyou.com/b5f7c20171225112108401.jpg","17/12/2018 11:25:34"
"26","7","蚕豆","胡豆，夏豆，罗汉豆，川豆，倭豆，佛豆","http://file.haoyunwuyou.com/b66e4201712251118519222.jpg","17/12/2018 11:25:34"
"27","7","糯米粉",,"http://file.haoyunwuyou.com/a4737201712251117408335.jpg","17/12/2018 11:25:34"
"28","7","香米","香禾米，香稻","http://file.haoyunwuyou.com/c702a201712251115177549.jpg","17/12/2018 11:25:34"
"29","7","红薯粉","番薯粉，地瓜粉","http://file.haoyunwuyou.com/76aa5201712251112491549.jpg","17/12/2018 11:25:34"
"30","7","红薯","白薯，蕃薯，地瓜，山芋，红苕，甘薯","http://file.haoyunwuyou.com/e2a45201712251110377578.jpg","17/12/2018 11:25:34"
"31","7","通心粉","通心面","http://file.haoyunwuyou.com/8ba7f201712251109051767.jpg","17/12/2018 11:25:35"
"32","7","油条","油炸果","http://file.haoyunwuyou.com/431fd201712251105446766.jpg","17/12/2018 11:25:35"
"33","7","面条","面，水面，面条子","http://file.haoyunwuyou.com/82d0f201712251104125578.jpg","17/12/2018 11:25:35"
"34","7","馒头","馍馍，饽饽","http://file.haoyunwuyou.com/da13a201712251102202288.jpg","17/12/2018 11:25:35"
"35","7","米粉","米线","http://file.haoyunwuyou.com/7775520171225105611856.jpg","17/12/2018 11:25:35"
"36","7","黄米","黍，糜子，夏小米","http://file.haoyunwuyou.com/2dd9e201712251054291693.jpg","17/12/2018 11:25:35"
"37","7","荞麦","三角麦，乌麦，花荞，花荞，甜荞，荞子","http://file.haoyunwuyou.com/eac78201712251052245831.jpg","17/12/2018 11:25:35"
"38","7","燕麦","油麦，玉麦，野麦，雀麦","http://file.haoyunwuyou.com/3a9f3201712251050314597.jpg","17/12/2018 11:25:35"
"39","7","小米","粟米，稞子，秫子，黏米，白梁粟，粟谷","http://file.haoyunwuyou.com/ffea6201712251048074589.jpg","17/12/2018 11:25:35"
"40","7","豌豆","雪豆，青豆，小寒豆，淮豆，麻豆，留豆，金豆，回回豆，麦豌豆，麦豆，毕豆，麻累，国豆","http://file.haoyunwuyou.com/70e8f201712251046074887.jpg","17/12/2018 11:25:35"
"41","7","黑米","黑粳米，墨米","http://file.haoyunwuyou.com/dbbb120171225104406752.jpg","17/12/2018 11:25:35"
"42","7","玉米","苞谷，珍珠米，棒子，玉蜀黍，苞米，玉麦","http://file.haoyunwuyou.com/c1c2c201712251041576613.jpg","17/12/2018 11:25:35"
"43","7","花生","落花生，长生果，泥豆，番豆，地豆","http://file.haoyunwuyou.com/48c9c20171225103652454.jpg","17/12/2018 11:25:35"
"44","8","火锅",,"http://file.haoyunwuyou.com/efa9c20171225140522635.jpg","17/12/2018 11:25:35"
"45","8","香锅",,"http://file.haoyunwuyou.com/b7b7a201712251403345928.jpg","17/12/2018 11:25:35"
"46","8","水煮鱼",,"http://file.haoyunwuyou.com/0b5f2201712251401516929.jpg","17/12/2018 11:25:35"
"47","8","酸菜鱼",,"http://file.haoyunwuyou.com/01b90201712251359465277.jpg","17/12/2018 11:25:35"
"48","9","油麦菜","莜麦菜，苦菜，牛俐生菜","http://file.haoyunwuyou.com/33dd7201801031543131256.jpg","17/12/2018 11:25:36"
"49","9","生菜","叶用莴苣，鹅仔菜，莴仔菜","http://file.haoyunwuyou.com/7ad4920171226112931252.jpg","17/12/2018 11:25:36"
"50","9","芋头","芋艿","http://file.haoyunwuyou.com/7429020171226112731306.jpg","17/12/2018 11:25:36"
"51","9","芹菜","旱芹，样芹菜，药芹，香芹，蒲芹","http://file.haoyunwuyou.com/8efee201712261126009493.jpg","17/12/2018 11:25:36"
"52","9","韭菜","草钟乳，起阳草，长生草，扁菜","http://file.haoyunwuyou.com/0ecd0201712261122176592.jpg","17/12/2018 11:25:36"
"53","9","绿豆芽","巧芽，豆芽菜，如意菜，掐菜，银芽，银针，银苗，芽心","http://file.haoyunwuyou.com/67724201712261120321001.jpg","17/12/2018 11:25:36"
"54","9","口蘑","白蘑，蒙古口蘑，云盘蘑，银盘","http://file.haoyunwuyou.com/b4aad201712261118332634.jpg","17/12/2018 11:25:36"
"55","9","空心菜","蕹菜，藤菜，蓊菜，通菜","http://file.haoyunwuyou.com/dd603201712261114048824.jpg","17/12/2018 11:25:36"
"56","9","马兰","紫菊，阶前菊，马兰头，竹节草，马兰菊，钱鳅串，红梗菜，路边菊","http://file.haoyunwuyou.com/915e9201712261108062920.jpg","17/12/2018 11:25:36"
"57","9","蒜黄",,"http://file.haoyunwuyou.com/3c936201712261106193379.jpg","17/12/2018 11:25:36"
"58","9","西葫芦","茭瓜，白瓜，番瓜，美洲南瓜，云南小瓜，菜瓜，荨瓜，三月瓜","http://file.haoyunwuyou.com/aeef0201712261104144538.jpg","17/12/2018 11:25:36"
"59","9","茼蒿","蓬蒿，蒿子杆，菊花菜","http://file.haoyunwuyou.com/76bbb201712261102543429.jpg","17/12/2018 11:25:36"
"60","9","荸荠","马蹄，水栗，芍，凫茈，乌芋，菩荠，地栗","http://file.haoyunwuyou.com/e288a201712261101239542.jpg","17/12/2018 11:25:36"
"61","9","莼菜","锦菜，缺盆草，淳菜，马蹄菜，湖菜，水葵，露葵，水荷叶，花案菜","http://file.haoyunwuyou.com/193c2201712261059438588.jpg","17/12/2018 11:25:36"
"62","9","茶树菇",,"http://file.haoyunwuyou.com/ddfcc201712261058213470.jpg","17/12/2018 11:25:36"
"63","9","蒜苔","蒜薹，蒜毫","http://file.haoyunwuyou.com/26640201712261055162214.jpg","17/12/2018 11:25:36"
"64","9","苦瓜","瘌瓜，凉瓜","http://file.haoyunwuyou.com/ed8c1201712261051247936.jpg","17/12/2018 11:25:37"
"65","9","菱角","芰，水菱，风菱，乌菱，菱角，水栗，菱实，芰实","http://file.haoyunwuyou.com/c34c2201712261006035215.jpg","17/12/2018 11:25:37"
"66","9","佛手瓜","瓦瓜，隼人瓜，安南瓜，拳头瓜，寿瓜","http://file.haoyunwuyou.com/dc9ec201712261002405735.jpg","17/12/2018 11:25:37"
"67","9","紫薯","黑薯","http://file.haoyunwuyou.com/6db4d201712261000342797.jpg","17/12/2018 11:25:37"
"68","9","鸡毛菜","青菜，小白菜，上海青","http://file.haoyunwuyou.com/b6046201712251801009191.jpg","17/12/2018 11:25:37"
"69","9","霸王花","剑花，霸王鞭，量天尺，风雨花","http://file.haoyunwuyou.com/4d31c201712251757464855.jpg","17/12/2018 11:25:37"
"70","9","大白菜","白菜，胶菜，绍菜，镳菜","http://file.haoyunwuyou.com/a5366201712251755568499.jpg","17/12/2018 11:25:37"
"71","9","黄瓜","胡瓜，王瓜，刺瓜","http://file.haoyunwuyou.com/2f41b201712251754094862.jpg","17/12/2018 11:25:37"
"72","9","黄金菇","金顶蘑，榆黄蘑","http://file.haoyunwuyou.com/a5679201712251751118614.jpg","17/12/2018 11:25:37"
"73","9","金花菜","黄花苜蓿，刺苜蓿，草头","http://file.haoyunwuyou.com/c5d9f201712251748303145.jpg","17/12/2018 11:25:37"
"74","9","芝麻菜","火箭生菜，紫花南芥，芸芥，德国芥菜","http://file.haoyunwuyou.com/8572a20171225174544830.jpg","17/12/2018 11:25:37"
"75","9","尖椒","辣椒，辣子","http://file.haoyunwuyou.com/5e911201712251743575378.jpg","17/12/2018 11:25:37"
"76","9","鸡腿菇","鸡腿蘑菇","http://file.haoyunwuyou.com/35f6e201712251742215695.jpg","17/12/2018 11:25:37"
"77","9","蟹味菇","真姬菇，玉蕈，斑玉蕈，海鲜菇，胶玉蘑，鸿喜菇","http://file.haoyunwuyou.com/edc4b201712251740268088.jpg","17/12/2018 11:25:37"
"78","9","茭白","出隧，绿节，菰菜，茭首，菰首，菰笋，菰蒋子，菰手，茭笋，茭粑，茭耳菜，高笋，高瓜","http://file.haoyunwuyou.com/b1e23201712251737269403.jpg","17/12/2018 11:25:37"
"79","9","花菇","香菇，冬菇，香菌，爪菰，香蕈，香菰，香信","http://file.haoyunwuyou.com/469ec201712251736067208.jpg","17/12/2018 11:25:37"
"80","9","平菇","侧耳，耳菇","http://file.haoyunwuyou.com/7391c20171225173402639.jpg","17/12/2018 11:25:37"
"81","9","元蘑","冻蘑，冬蘑，黄蘑，晚生北风菌，剥茸","http://file.haoyunwuyou.com/7594d201712251732126867.jpg","17/12/2018 11:25:38"
"82","9","丝瓜","天罗，绵瓜，布瓜，天络瓜，天丝瓜，天罗瓜，天吊瓜，倒阳菜，絮瓜，喜瓜，胜瓜","http://file.haoyunwuyou.com/3dbcc201712251729527375.jpg","17/12/2018 11:25:38"
"83","9","香椿","椿花，香椿头，香椿芽","http://file.haoyunwuyou.com/83d60201712251727554518.jpg","17/12/2018 11:25:38"
"84","9","豆瓣菜","水生菜，水芥菜，西洋菜，水蔊菜，水田芥菜，水茼蒿","http://file.haoyunwuyou.com/4d29b201712251725184758.jpg","17/12/2018 11:25:38"
"85","9","芦笋","露笋，石刁柏，芦尖，龙须菜","http://file.haoyunwuyou.com/61071201712251724136747.jpg","17/12/2018 11:25:38"
"86","9","樱桃萝卜",,"http://file.haoyunwuyou.com/97a5f201712251721413403.jpg","17/12/2018 11:25:38"
"87","9","莴笋","莴苣，生笋，白笋，千金菜","http://file.haoyunwuyou.com/df759201712251718363252.jpg","17/12/2018 11:25:38"
"88","9","蕨菜","拳头菜，龙头菜，蕨儿菜，猫爪","http://file.haoyunwuyou.com/b663f201712251716572866.jpg","17/12/2018 11:25:38"
"89","9","芥菜","芥菜疙瘩，芥，大芥，雪里蕻，皱叶芥，黄芥，霜不老，冲菜，嘎菜","http://file.haoyunwuyou.com/91f6120171225171426953.jpg","17/12/2018 11:25:38"
"90","9","长豆角","豆角，江豆，豇豆，带豆，裙带豆，架豆","http://file.haoyunwuyou.com/6e476201712251707437773.jpg","17/12/2018 11:25:38"
"91","9","榛蘑","蜜环菌，蜜蘑，蜜环蕈，栎蕈","http://file.haoyunwuyou.com/d1d0c201712251643189110.jpg","17/12/2018 11:25:38"
"92","9","荷兰豆","豌豆，甜豌豆，花豌豆，麝香豌豆，香豆花","http://file.haoyunwuyou.com/93e8020171225163912633.jpg","17/12/2018 11:25:38"
"93","9","苤蓝","球茎甘蓝，擘蓝，玉蔓青，撇列，不留客，人头疙瘩","http://file.haoyunwuyou.com/793b5201712251635462056.jpg","17/12/2018 11:25:38"
"94","9","花菜","花椰菜","http://file.haoyunwuyou.com/51121201712251632589893.jpg","17/12/2018 11:25:38"
"95","9","发菜","地毛，旃毛菜，地毛菜，仙菜，净池菜，头发菜，龙须菜，猪毛菜","http://file.haoyunwuyou.com/8007f201712251631209664.jpg","17/12/2018 11:25:38"
"96","9","黑木耳","树鸡，云耳，光木耳","http://file.haoyunwuyou.com/8567e201712251629337900.jpg","17/12/2018 11:25:38"
"97","9","扁豆","菜豆，架豆，去豆","http://file.haoyunwuyou.com/021ea20171225162718301.jpg","17/12/2018 11:25:38"
"98","9","莲藕","藕","http://file.haoyunwuyou.com/3e688201712251622164012.jpg","17/12/2018 11:25:39"
"99","9","猴头菇","猴头，猴头菌，猴头蘑，刺猬菌，猬菌","http://file.haoyunwuyou.com/51b1d201712251620314209.jpg","17/12/2018 11:25:39"
"100","9","银耳","白木耳，雪耳","http://file.haoyunwuyou.com/ca12520171225161750721.jpg","17/12/2018 11:25:39"
"101","9","腐竹","豆腐衣，豆腐皮，腐皮","http://file.haoyunwuyou.com/098c620171225161537813.jpg","17/12/2018 11:25:39"
"102","9","仙人掌","仙巴掌，霸王树，火焰，火掌，玉芙蓉，牛舌头","http://file.haoyunwuyou.com/d037820171225161330652.jpg","17/12/2018 11:25:39"
"103","9","卷心菜","结球甘蓝，洋白菜，圆白菜，高丽菜，包菜，包心菜，莲花菜","http://file.haoyunwuyou.com/61e2a201712251610307288.jpg","17/12/2018 11:25:39"
"104","9","油菜","油白菜，苦菜，苔菜，寒菜，芸苔，胡菜","http://file.haoyunwuyou.com/83c11201712251609111563.jpg","17/12/2018 11:25:39"
"105","9","紫甘蓝","红甘蓝，赤甘蓝，紫圆白菜","http://file.haoyunwuyou.com/47bf8201712251607337764.jpg","17/12/2018 11:25:39"
"106","9","咸菜",,"http://file.haoyunwuyou.com/b5552201712251605582843.jpg","17/12/2018 11:25:39"
"107","9","木耳菜","落葵，藤菜，承露，无葵，软浆叶，篱笆菜，御菜，紫豆菜，胭脂菜，豆腐菜，染浆叶，红果儿，繁露，软姜子","http://file.haoyunwuyou.com/41fc8201712251604278068.jpg","17/12/2018 11:25:39"
"108","9","芥蓝","芥兰，甘蓝菜，盖蓝菜","http://file.haoyunwuyou.com/3b4a0201712251559593015.jpg","17/12/2018 11:25:39"
"109","9","红萝卜","莱菔，罗服","http://file.haoyunwuyou.com/8a7da201712251558036365.jpg","17/12/2018 11:25:39"
"110","9","玉米笋","珍珠笋，番麦笋","http://file.haoyunwuyou.com/2f959201712251555337065.jpg","17/12/2018 11:25:39"
"111","9","冬瓜","白瓜，水芝，地芝，枕瓜，濮瓜，白冬瓜，东瓜","http://file.haoyunwuyou.com/fd6ad201712251552405875.jpg","17/12/2018 11:25:39"
"112","9","洋葱","球葱，圆葱，玉葱，葱头，荷兰葱","http://file.haoyunwuyou.com/a9f71201712251550389695.jpg","17/12/2018 11:25:39"
"113","9","瓠瓜","瓠子，扁蒲，葫芦，夜开花","http://file.haoyunwuyou.com/a5dcc201712251549028873.jpg","17/12/2018 11:25:39"
"114","9","西兰花","花椰菜，花菜，椰花菜，甘蓝花，洋花菜，球花甘蓝","http://file.haoyunwuyou.com/d3861201712251546333041.jpg","17/12/2018 11:25:39"
"115","9","木薯","木番薯，树薯","http://file.haoyunwuyou.com/959dd201712251542354451.jpg","17/12/2018 11:25:40"
"116","9","豇豆","豆角，江豆，长豆角，带豆，饭豆，腰豆，裙带豆，架豆，姜豆","http://file.haoyunwuyou.com/14ced201712251539437845.jpg","17/12/2018 11:25:40"
"117","9","秋葵","黄秋葵，羊角豆，咖啡黄葵，毛茄，黄蜀葵","http://file.haoyunwuyou.com/c3798201712251538177360.jpg","17/12/2018 11:25:40"
"118","9","蛇瓜","蛇王瓜，蛇豆，蛇丝瓜，大豆角","http://file.haoyunwuyou.com/92033201712251537015807.jpg","17/12/2018 11:25:40"
"119","9","菠菜","波斯菜，赤根菜","http://file.haoyunwuyou.com/6cfae20171225153456887.jpg","17/12/2018 11:25:40"
"120","9","毛豆","枝豆，菜用大豆","http://file.haoyunwuyou.com/2e68d201712251531354600.jpg","17/12/2018 11:25:40"
"121","9","草菇","苞脚菇，秆菇，麻菇，贡菇，家生菇","http://file.haoyunwuyou.com/1f3e9201712251529563706.jpg","17/12/2018 11:25:40"
"122","9","松蘑","松菇，松蕈，鸡丝菌，松口蘑，松茸","http://file.haoyunwuyou.com/1f804201712251527455810.jpg","17/12/2018 11:25:40"
"123","9","杏鲍菇","刺芹侧耳，芹侧耳，芹平菇","http://file.haoyunwuyou.com/f3f0d201712251525594084.jpg","17/12/2018 11:25:40"
"124","9","凤尾菇","灰平菇，鸡尾菇","http://file.haoyunwuyou.com/f0fec201801031128455513.jpg","17/12/2018 11:25:40"
"125","9","青头菌","变绿红菇，青冈菌，绿豆菌","http://file.haoyunwuyou.com/8714f201712251518546347.jpg","17/12/2018 11:25:40"
"126","9","豌豆尖",,"http://file.haoyunwuyou.com/04321201712251516582403.jpg","17/12/2018 11:25:40"
"127","9","荠菜","扁锅铲菜，地丁菜，地菜，荠，靡草，花花菜，护生草，羊菜，鸡心菜，净肠草","http://file.haoyunwuyou.com/3efc3201712251515339674.jpg","17/12/2018 11:25:40"
"128","9","黄花菜","萱草，忘忧草，金针菜，萱草花，健脑菜，安神菜，绿葱，鹿葱花，萱萼","http://file.haoyunwuyou.com/a16e020171225151148220.jpg","17/12/2018 11:25:40"
"129","9","茄子","六蔬，矮瓜","http://file.haoyunwuyou.com/d7fd4201712251509155420.jpg","17/12/2018 11:25:40"
"130","9","红菇","正红菇，真红菇，大红菇，红椎菌，大红菌，大朱菇","http://file.haoyunwuyou.com/c406f201712251506417159.jpg","17/12/2018 11:25:41"
"131","9","金针菇","构菌，朴菇，冬菇","http://file.haoyunwuyou.com/7cc55201712251504204597.jpg","17/12/2018 11:25:41"
"132","9","黄豆芽","豆芽，大豆芽，清水豆芽","http://file.haoyunwuyou.com/71bf0201712251502234939.jpg","17/12/2018 11:25:41"
"133","9","苋菜","荇菜，汉菜","http://file.haoyunwuyou.com/bc2b7201712251500233909.jpg","17/12/2018 11:25:41"
"134","9","韭黄","韭芽，黄韭芽，黄韭，韭菜白","http://file.haoyunwuyou.com/5d085201712251456244494.jpg","17/12/2018 11:25:41"
"135","9","白灵菇",,"http://file.haoyunwuyou.com/83fcb201712251453025828.jpg","17/12/2018 11:25:41"
"136","9","节瓜","小冬瓜，毛瓜，腿瓜，长寿瓜","http://file.haoyunwuyou.com/5bb1c201712251448182374.jpg","17/12/2018 11:25:41"
"137","9","豆苗","豌豆苗，豌豆藤","http://file.haoyunwuyou.com/f0d6a201712251446243187.jpg","17/12/2018 11:25:41"
"138","9","青椒","大椒，灯笼椒，柿子椒，甜椒，菜椒","http://file.haoyunwuyou.com/d1600201712251443392732.jpg","17/12/2018 11:25:41"
"139","9","芦荟",,"http://file.haoyunwuyou.com/4c88620171225144120705.jpg","17/12/2018 11:25:41"
"140","9","竹荪","竹参，竹笙，竹菌，面纱菌，网纱菌，僧竺蕈，雪裙仙子","http://file.haoyunwuyou.com/63799201712251439124491.jpg","17/12/2018 11:25:41"
"141","9","胡萝卜","黄萝卜，番萝卜，丁香萝卜，胡芦菔金，赤珊瑚，黄根，甘笋","http://file.haoyunwuyou.com/e1322201712251436467856.jpg","17/12/2018 11:25:41"
"142","9","折耳根","鱼腥草","http://file.haoyunwuyou.com/301a8201712251432071880.jpg","17/12/2018 11:25:41"
"143","9","苔干","贡菜，响菜，山蜇","http://file.haoyunwuyou.com/cc0bf201712251429243780.jpg","17/12/2018 11:25:41"
"144","9","竹笋","笋，毛笋，竹芽，竹萌","http://file.haoyunwuyou.com/19371201712251416263711.jpg","17/12/2018 11:25:41"
"145","9","娃娃菜",,"http://file.haoyunwuyou.com/4966e201712251414499752.jpg","17/12/2018 11:25:41"
"146","9","土豆","马铃薯，洋芋，地蛋，山药蛋，洋番薯","http://file.haoyunwuyou.com/e2e4a201712251411301920.jpg","17/12/2018 11:25:41"
"147","10","猪肚","猪胃，猪堵","http://file.haoyunwuyou.com/45bf5201712261602502103.jpg","17/12/2018 11:25:42"
"148","10","猪肺",,"http://file.haoyunwuyou.com/becc5201712261601026350.jpg","17/12/2018 11:25:42"
"149","10","猪心",,"http://file.haoyunwuyou.com/9b80c201712261600108.jpg","17/12/2018 11:25:42"
"150","10","熊掌",,"http://file.haoyunwuyou.com/75999201712261558548122.jpg","17/12/2018 11:25:42"
"151","10","鹌鹑","鹑鸟，宛鹑，奔鹑","http://file.haoyunwuyou.com/10db0201712261557396001.jpg","17/12/2018 11:25:42"
"152","10","麻雀","霍雀，瓦雀。琉雀，家雀，老家贼，照夜，麻谷，禾雀，宾雀，厝鸟，家巧儿","http://file.haoyunwuyou.com/d9904201712261555553039.jpg","17/12/2018 11:25:42"
"153","10","牛排",,"http://file.haoyunwuyou.com/c28d8201712261552561394.jpg","17/12/2018 11:25:42"
"154","10","牛蛙","喧蛙，食用蛙","http://file.haoyunwuyou.com/57b9c201712261550426662.jpg","17/12/2018 11:25:42"
"155","10","猪骨",,"http://file.haoyunwuyou.com/39263201801031638208988.jpg","17/12/2018 11:25:42"
"156","10","猪腰","猪肾","http://file.haoyunwuyou.com/c9fda201801031635586876.jpg","17/12/2018 11:25:42"
"157","10","蚕蛹",,"http://file.haoyunwuyou.com/8e8d4201712261546068567.jpg","17/12/2018 11:25:42"
"158","10","鹅肝",,"http://file.haoyunwuyou.com/72df9201712261545007189.jpg","17/12/2018 11:25:42"
"159","10","鹅肉","天雁肉，舒雁肉，家雁肉，农雁肉","http://file.haoyunwuyou.com/47f99201712261543118257.jpg","17/12/2018 11:25:42"
"160","10","猪肝",,"http://file.haoyunwuyou.com/8396120180103163308410.jpg","17/12/2018 11:25:42"
"161","10","鸭蛋","鸭卵","http://file.haoyunwuyou.com/905a8201712261540013775.jpg","17/12/2018 11:25:42"
"162","10","鸡肉","家鸡肉，母鸡肉，公鸡肉","http://file.haoyunwuyou.com/e9a9c201712261519209134.jpg","17/12/2018 11:25:42"
"163","10","猪蹄","猪脚，猪手","http://file.haoyunwuyou.com/097d9201712261515365012.jpg","17/12/2018 11:25:43"
"164","10","腊肉",,"http://file.haoyunwuyou.com/6990a201712261513477598.jpg","17/12/2018 11:25:43"
"165","10","野鸡肉","环颈雉肉，雉鸡肉","http://file.haoyunwuyou.com/9b87d201712261510415489.jpg","17/12/2018 11:25:43"
"166","10","猪脑","猪脑髓","http://file.haoyunwuyou.com/9855b201712261508444815.jpg","17/12/2018 11:25:43"
"167","10","斑鸠","锦鸠，鹁鸠，祝鸠，斑佳","http://file.haoyunwuyou.com/d5b02201712261502425216.jpg","17/12/2018 11:25:43"
"168","10","兔肉",,"http://file.haoyunwuyou.com/88944201712261501161788.jpg","17/12/2018 11:25:43"
"169","10","火鸡","吐绶鸡","http://file.haoyunwuyou.com/08505201712261459335520.jpg","17/12/2018 11:25:43"
"170","10","松花蛋","皮蛋，变蛋，灰包蛋","http://file.haoyunwuyou.com/1792f20171226145705224.jpg","17/12/2018 11:25:43"
"171","10","鹧鸪","赤姑，花鸡，怀南，越雉鹧鸪，鹧鸪鸟","http://file.haoyunwuyou.com/3c68c201712261455053680.jpg","17/12/2018 11:25:43"
"172","10","牛鞭","牛冲","http://file.haoyunwuyou.com/1ce72201801031613028925.jpg","17/12/2018 11:25:43"
"173","10","鸡血",,"http://file.haoyunwuyou.com/003ea201712261446321660.jpg","17/12/2018 11:25:43"
"174","10","蛇肉",,"http://file.haoyunwuyou.com/0599320180103161036523.jpg","17/12/2018 11:25:43"
"175","10","鸡爪","鸡掌，凤爪，凤足，鸡脚","http://file.haoyunwuyou.com/2c718201712261432438564.jpg","17/12/2018 11:25:43"
"176","10","香肠",,"http://file.haoyunwuyou.com/7a762201712261430183415.jpg","17/12/2018 11:25:43"
"177","10","鸡翅","鸡翼","http://file.haoyunwuyou.com/dec3720171226142405189.jpg","17/12/2018 11:25:44"
"178","10","猪血","液体肉，血豆腐，血花","http://file.haoyunwuyou.com/dca78201712261414137428.jpg","17/12/2018 11:25:44"
"179","10","猪肉",,"http://file.haoyunwuyou.com/ec861201712261413048944.jpg","17/12/2018 11:25:44"
"180","10","鸡杂",,"http://file.haoyunwuyou.com/d65e9201712261410461630.jpg","17/12/2018 11:25:44"
"181","10","田鸡","蛙，水鸡，坐鱼","http://file.haoyunwuyou.com/19e09201712261408563598.jpg","17/12/2018 11:25:44"
"182","10","大雁","野鹅","http://file.haoyunwuyou.com/d7bc7201712261405596090.jpg","17/12/2018 11:25:44"
"183","10","鸭肉","鹜肉，家凫肉，扁嘴娘肉，白鸭肉","http://file.haoyunwuyou.com/004c1201712261528478845.jpg","17/12/2018 11:25:44"
"184","10","驴肉","漠骊肉，毛驴肉","http://file.haoyunwuyou.com/dc959201712261357045761.jpg","17/12/2018 11:25:44"
"185","10","鸭蛋","腌鸭蛋，咸鸭蛋","http://file.haoyunwuyou.com/905a8201712261353501261.jpg","17/12/2018 11:25:44"
"186","10","猪排",,"http://file.haoyunwuyou.com/c4834201712261351587147.jpg","17/12/2018 11:25:44"
"187","10","狗肉","犬肉，香肉，地羊肉，三六香肉","http://file.haoyunwuyou.com/58d7d201712261349526596.jpg","17/12/2018 11:25:44"
"188","10","鹌鹑蛋",,"http://file.haoyunwuyou.com/10ad3201712261334475672.jpg","17/12/2018 11:25:44"
"189","10","鸽肉","鸽子肉，家鸽肉","http://file.haoyunwuyou.com/42b4720171226115756390.jpg","17/12/2018 11:25:44"
"190","10","鹿肉","药鹿，八叉鹿，黄臀赤鹿","http://file.haoyunwuyou.com/1ff3c201712261153238976.jpg","17/12/2018 11:25:44"
"191","10","乌鸡","丝羽乌骨鸡，武山鸡，乌骨鸡","http://file.haoyunwuyou.com/5303820171226115051878.jpg","17/12/2018 11:25:45"
"192","10","猪耳朵","猪耳","http://file.haoyunwuyou.com/ead0e201712261148438188.jpg","17/12/2018 11:25:45"
"193","10","培根","烟肉","http://file.haoyunwuyou.com/6bb0f2017122611464863.jpg","17/12/2018 11:25:45"
"194","10","羊肉",,"http://file.haoyunwuyou.com/67a0f201712261144426282.jpg","17/12/2018 11:25:45"
"195","10","鸡蛋",,"http://file.haoyunwuyou.com/2e0a9201712261142004661.jpg","17/12/2018 11:25:45"
"196","10","牛肉",,"http://file.haoyunwuyou.com/dc59a201712261140415425.jpg","17/12/2018 11:25:45"
"197","11","荔枝","丹荔，丽枝，香果，勒荔，离支，鲜荔枝","http://file.haoyunwuyou.com/d1aa1201801191843223317.jpg","17/12/2018 11:25:45"
"198","11","苹果","滔婆，柰，柰子，频婆，平波，超丸子，天然子","http://file.haoyunwuyou.com/c2883201801191837586338.jpg","17/12/2018 11:25:45"
"199","11","灯笼果",,"http://file.haoyunwuyou.com/eb878201712261753452256.jpg","17/12/2018 11:25:45"
"200","11","百香果","番莲，鸡蛋果，受难果，巴西果","http://file.haoyunwuyou.com/c1b0a201712261752401501.jpg","17/12/2018 11:25:45"
"201","11","覆盆子","树莓，悬钩子，覆盆莓，乌藨子，大蛇鳯","http://file.haoyunwuyou.com/51c40201801031727031630.jpg","17/12/2018 11:25:45"
"202","11","无花果","映日果，优昙钵，阿驵，底珍树，蜜果","http://file.haoyunwuyou.com/3f418201712261749216553.jpg","17/12/2018 11:25:45"
"203","11","酸枣","棘子，野枣，山枣，葛针","http://file.haoyunwuyou.com/611ef201712261747513900.jpg","17/12/2018 11:25:45"
"204","11","枇杷","腊兄，金丸，卢橘，芦枝","http://file.haoyunwuyou.com/53b92201712261746205151.jpg","17/12/2018 11:25:46"
"205","11","菠萝","凤梨，黄梨，番梨，露兜子","http://file.haoyunwuyou.com/719c0201712261744057101.jpg","17/12/2018 11:25:46"
"206","11","梨",,"http://file.haoyunwuyou.com/dc74a201712261742374500.jpg","17/12/2018 11:25:46"
"207","11","黄皮",,"http://file.haoyunwuyou.com/c5d9f201712261741096250.jpg","17/12/2018 11:25:46"
"208","11","黑莓",,"http://file.haoyunwuyou.com/d4c9a201712261739528638.jpg","17/12/2018 11:25:46"
"209","11","山竹","莽吉柿","http://file.haoyunwuyou.com/6831c201712261738221708.jpg","17/12/2018 11:25:46"
"210","11","哈密瓜","甘瓜，甜瓜，网纹瓜，库洪","http://file.haoyunwuyou.com/277de201712261737201853.jpg","17/12/2018 11:25:46"
"211","11","人参果",,"http://file.haoyunwuyou.com/fbfd5201712261736005515.jpg","17/12/2018 11:25:46"
"212","11","释迦","番荔枝","http://file.haoyunwuyou.com/512bf201712261734296602.jpg","17/12/2018 11:25:46"
"213","11","火龙果","仙蜜果，红龙果，龙珠果","http://file.haoyunwuyou.com/2784520171226173301818.jpg","17/12/2018 11:25:46"
"214","11","甘蔗","竹蔗，糖蔗","http://file.haoyunwuyou.com/b763320171226173027619.jpg","17/12/2018 11:25:46"
"215","11","水蜜桃","毛桃，白桃","http://file.haoyunwuyou.com/71acb201712261728049913.jpg","17/12/2018 11:25:46"
"216","11","番石榴","鸡屎果，拔子，喇叭番石榴，芭乐","http://file.haoyunwuyou.com/70dc2201712261726254608.jpg","17/12/2018 11:25:46"
"217","11","橙子","柳橙，柳丁，黄果，金环，甜橙","http://file.haoyunwuyou.com/e6a50201712261724586752.jpg","17/12/2018 11:25:46"
"218","11","橘子","橘柑，柑橘，桔柑子，桔子","http://file.haoyunwuyou.com/0348d201712261723469488.jpg","17/12/2018 11:25:46"
"219","11","葡萄","草龙珠，山葫芦，蒲桃","http://file.haoyunwuyou.com/b622e201712261722299185.jpg","17/12/2018 11:25:47"
"220","11","桃子","肺果，桃实","http://file.haoyunwuyou.com/020f2201712261721172887.jpg","17/12/2018 11:25:47"
"221","11","柚子","文旦，香抛，霜柚，臭橙","http://file.haoyunwuyou.com/d0705201712261719452586.jpg","17/12/2018 11:25:47"
"222","11","柿子","米果，猴枣，镇头迦","http://file.haoyunwuyou.com/71a21201712261718147578.jpg","17/12/2018 11:25:47"
"223","11","李子","麦李，脆李，金沙李，嘉庆子，李实，嘉应子","http://file.haoyunwuyou.com/6c065201712261717102558.jpg","17/12/2018 11:25:47"
"224","11","石榴","安石榴，金罂，金庞，钟石榴，天浆，甘石榴，丹若","http://file.haoyunwuyou.com/6df3f20171226171551197.jpg","17/12/2018 11:25:47"
"225","11","芦柑",,"http://file.haoyunwuyou.com/0a4f1201712261713523842.jpg","17/12/2018 11:25:47"
"226","11","百合","中庭，摩罗，强瞿，中逢花","http://file.haoyunwuyou.com/3d8e5201712261712361290.jpg","17/12/2018 11:25:47"
"227","11","酪梨","鳄梨，牛油果，油梨，樟梨","http://file.haoyunwuyou.com/03df0201712261711071531.jpg","17/12/2018 11:25:47"
"228","11","刺梨","茨梨，木梨子","http://file.haoyunwuyou.com/5d319201712261709071564.jpg","17/12/2018 11:25:47"
"229","11","红毛丹","毛龙眼，毛荔枝，韶子","http://file.haoyunwuyou.com/d011d20171226170649764.jpg","17/12/2018 11:25:47"
"230","11","草莓","红莓，洋莓，地莓，凤梨草莓，士多啤梨","http://file.haoyunwuyou.com/c78c6201712261704317648.jpg","17/12/2018 11:25:47"
"231","11","山楂","山里果，山里红，酸里红，山里红果，酸枣，红果，红果子","http://file.haoyunwuyou.com/b6bbb201712261703134895.jpg","17/12/2018 11:25:47"
"232","11","杨梅","龙睛，朱红，水杨梅，白蒂梅，树梅，圣生梅","http://file.haoyunwuyou.com/0026e201712261642324911.jpg","17/12/2018 11:25:47"
"233","11","橄榄","青果，忠果，谏果","http://file.haoyunwuyou.com/4475a201801031709009098.jpg","17/12/2018 11:25:47"
"234","11","木瓜","番木瓜，番瓜，万寿果，乳瓜，石瓜","http://file.haoyunwuyou.com/80421201712261639135079.jpg","17/12/2018 11:25:47"
"235","11","芒果","杧果，檬果，漭果，闷果，蜜望，望果，面果，庵波罗果","http://file.haoyunwuyou.com/14a4c201801031706206675.jpg","17/12/2018 11:25:48"
"236","11","红枣","大枣","http://file.haoyunwuyou.com/c0a5a201712261636169780.jpg","17/12/2018 11:25:48"
"237","11","雪莲果","晶薯，菊薯","http://file.haoyunwuyou.com/e7a18201712261634349438.jpg","17/12/2018 11:25:48"
"238","11","葡萄柚","西柚","http://file.haoyunwuyou.com/ac8c9201712261632289124.jpg","17/12/2018 11:25:48"
"239","11","金桔","洋奶桔，牛奶桔，金枣，金弹，金丹，金柑，马水橘，金橘，脆皮桔","http://file.haoyunwuyou.com/26b39201712261631043872.jpg","17/12/2018 11:25:48"
"240","11","海棠果","红海棠果，八棱海棠，沙果，楸子，海红，柰子","http://file.haoyunwuyou.com/f4c54201712261627421857.jpg","17/12/2018 11:25:48"
"241","11","菠萝蜜","木菠萝，树菠萝","http://file.haoyunwuyou.com/d42d5201712261626175934.jpg","17/12/2018 11:25:48"
"242","11","佛手果",,"http://file.haoyunwuyou.com/979eb201801031656304992.jpg","17/12/2018 11:25:48"
"243","11","蟠桃",,"http://file.haoyunwuyou.com/cf64e201712261623033839.jpg","17/12/2018 11:25:48"
"244","11","香榧子","香榧，赤果，玉山果，玉榧，野极子","http://file.haoyunwuyou.com/752bf201712261621007384.jpg","17/12/2018 11:25:48"
"245","11","蓝莓","笃斯，笃柿，嘟嗜，都柿，甸果，笃斯越桔","http://file.haoyunwuyou.com/e2864201712261619127566.jpg","17/12/2018 11:25:48"
"246","11","青梅","梅子","http://file.haoyunwuyou.com/8c6ae201801031653033521.jpg","17/12/2018 11:25:48"
"247","11","莲雾","天桃，水蒲桃，洋蒲桃","http://file.haoyunwuyou.com/e59af201712261611331716.jpg","17/12/2018 11:25:48"
"248","11","樱桃","车厘子，莺桃，荆桃，楔桃，英桃，牛桃，樱珠，含桃，玛瑙","http://file.haoyunwuyou.com/e78ad201712261609494914.jpg","17/12/2018 11:25:48"
"249","11","柠檬","柠果，洋柠檬，益母果，黎檬","http://file.haoyunwuyou.com/7b783201712261608214210.jpg","17/12/2018 11:25:48"
"250","11","椰子","胥椰，胥余，越子头，椰僳，胥耶，越王头，椰糅","http://file.haoyunwuyou.com/391e2201712261606571294.jpg","17/12/2018 11:25:48"
"251","11","西瓜","夏瓜，寒瓜，青门绿玉房","http://file.haoyunwuyou.com/30681201712261605007181.jpg","17/12/2018 11:25:49"
"252","12","河蚌","河歪，河蛤蜊，鸟贝，西施舌","http://file.haoyunwuyou.com/4df60201712271432166780.jpg","17/12/2018 11:25:49"
"253","12","青蟹","锯缘青蟹，红蟳，膏蟹，和乐蟹，蝤蛑","http://file.haoyunwuyou.com/5533f20171227142545509.jpg","17/12/2018 11:25:49"
"254","12","螃蟹",,"http://file.haoyunwuyou.com/7b2e4201801041021399817.jpg","17/12/2018 11:25:49"
"255","12","海肠","海鸡子","http://file.haoyunwuyou.com/e254c201712271422367923.jpg","17/12/2018 11:25:49"
"256","12","海螺","瓷螺，交螺，海窝窝，海牛牛","http://file.haoyunwuyou.com/68a16201712271420351962.jpg","17/12/2018 11:25:49"
"257","12","鲈鱼","花鲈，鲈板，花寨，鲈子鱼，四肋鱼，四腮鱼，鲁鱼","http://file.haoyunwuyou.com/22e2a201712271419343925.jpg","17/12/2018 11:25:49"
"258","12","鳊鱼","长身鳊，鳊花，油鳊，槎头鳊，团头鳊，孔鳐，武昌鱼","http://file.haoyunwuyou.com/00225201712271417403380.jpg","17/12/2018 11:25:49"
"259","12","罗非鱼","吴郭鱼，越南鱼，非洲鲫鱼，福寿鱼，南鲫","http://file.haoyunwuyou.com/041f0201712271415569376.jpg","17/12/2018 11:25:49"
"260","12","对虾","东方对虾，中国对虾，斑节虾","http://file.haoyunwuyou.com/d61f7201712271414094344.jpg","17/12/2018 11:25:49"
"261","12","乌龟","金龟，草龟，泥龟，山龟","http://file.haoyunwuyou.com/fff3c201712271412561757.jpg","17/12/2018 11:25:49"
"262","12","蛏子","缢蛏，竹蛏，大竹蛏，海指甲，鲜子，西施舌","http://file.haoyunwuyou.com/484912017122714113656.jpg","17/12/2018 11:25:49"
"263","12","花鲢","鳙鱼，胖头鱼，包头鱼，大头鱼，黑鲢","http://file.haoyunwuyou.com/79a90201712271408539543.jpg","17/12/2018 11:25:49"
"264","12","昂刺鱼","黄腊丁","http://file.haoyunwuyou.com/44b3c20171227140714955.jpg","17/12/2018 11:25:49"
"265","12","七星鱼","月鳢，称星鱼，花星鱼，山斑鱼","http://file.haoyunwuyou.com/2628920180104100317919.jpg","17/12/2018 11:25:49"
"266","12","鲽鱼","比目鱼，片口鱼，左口鱼，牙片","http://file.haoyunwuyou.com/697cb201712271403317738.jpg","17/12/2018 11:25:49"
"267","12","蚝豉","蛎干","http://file.haoyunwuyou.com/f1b3c201712271401544150.jpg","17/12/2018 11:25:49"
"268","12","香螺","马螺","http://file.haoyunwuyou.com/f3481201801031810378167.jpg","17/12/2018 11:25:49"
"269","12","大龙虾",,"http://file.haoyunwuyou.com/7bfb9201712271355454408.jpg","17/12/2018 11:25:50"
"270","12","鲤鱼","鲤子，龙门鱼，鲤拐子","http://file.haoyunwuyou.com/f5ca5201712271353087125.jpg","17/12/2018 11:25:50"
"271","12","鲮鱼","土鲮鱼，土鲶鱼，鲮公","http://file.haoyunwuyou.com/5d689201712271352016801.jpg","17/12/2018 11:25:50"
"272","12","田螺","田中螺，黄螺","http://file.haoyunwuyou.com/a86b5201712271350171725.jpg","17/12/2018 11:25:50"
"273","12","多宝鱼","漠斑牙鲆，南方鲆","http://file.haoyunwuyou.com/38943201712271348374180.jpg","17/12/2018 11:25:50"
"274","12","金枪鱼","鲔鱼，吞拿鱼","http://file.haoyunwuyou.com/76546201712271346421921.jpg","17/12/2018 11:25:50"
"275","12","小龙虾","鳌虾，口味虾","http://file.haoyunwuyou.com/4c56e201712271345034101.jpg","17/12/2018 11:25:50"
"276","12","鳕鱼","大头青","http://file.haoyunwuyou.com/5573c201712271343142169.jpg","17/12/2018 11:25:50"
"277","12","海蜇","水母","http://file.haoyunwuyou.com/47338201712271203282696.jpg","17/12/2018 11:25:50"
"278","12","海参","海鼠","http://file.haoyunwuyou.com/ad4ab20171227115552791.jpg","17/12/2018 11:25:50"
"279","12","鱿鱼","枪乌贼","http://file.haoyunwuyou.com/e75a820171227115410983.jpg","17/12/2018 11:25:50"
"280","12","鳝鱼","黄鳝，长鱼，无鳞公子，海蛇，蛆鱼，黄蛆，鱓鱼","http://file.haoyunwuyou.com/e0557201712271153014964.jpg","17/12/2018 11:25:50"
"281","12","鲫鱼","喜头鱼","http://file.haoyunwuyou.com/9c716201801031753401696.jpg","17/12/2018 11:25:50"
"282","12","鲢鱼","白鲢，水鲢，跳鲢，鲢子，苏鱼","http://file.haoyunwuyou.com/80613201712271143528390.jpg","17/12/2018 11:25:50"
"283","12","石斑鱼","石斑，鲙鱼","http://file.haoyunwuyou.com/768d2201712271141584480.jpg","17/12/2018 11:25:50"
"284","12","毛蚶","毛蛤，麻蛤，毛蚶子","http://file.haoyunwuyou.com/8969220171227114013281.jpg","17/12/2018 11:25:51"
"285","12","琵琶虾","皮皮虾，虾耙子，螳螂虾，攋尿虾","http://file.haoyunwuyou.com/d2967201801031757213348.jpg","17/12/2018 11:25:51"
"286","12","桂鱼","鳌花鱼，鳜鱼","http://file.haoyunwuyou.com/8d18e201712271129397151.jpg","17/12/2018 11:25:51"
"287","12","针亮鱼","青条，马步鱼，双针鱼，鹤嘴鱼","http://file.haoyunwuyou.com/44011201712271127453733.jpg","17/12/2018 11:25:51"
"288","12","海鳗","灰海鳗","http://file.haoyunwuyou.com/1b2ee201801031803413431.jpg","17/12/2018 11:25:51"
"289","12","扇贝","海扇，带子","http://file.haoyunwuyou.com/d1ce8201712271123539559.jpg","17/12/2018 11:25:51"
"290","12","鳗鱼","白鳝，白鳗，河鳗，鳗鲡，青鳝","http://file.haoyunwuyou.com/a816a20171227112126824.jpg","17/12/2018 11:25:51"
"291","12","蛤蜊","文蛤，蚶仔，西施舌","http://file.haoyunwuyou.com/b4abd201712271118207967.jpg","17/12/2018 11:25:51"
"292","12","蜗牛","天螺蛳，里牛，瓜牛","http://file.haoyunwuyou.com/27c94201712271116121796.jpg","17/12/2018 11:25:51"
"293","12","石花菜","海冻菜，红丝，凤尾","http://file.haoyunwuyou.com/369dd201712271114172955.jpg","17/12/2018 11:25:51"
"294","12","加吉鱼","鲷鱼，班加吉，加真鲷，铜盆鱼","http://file.haoyunwuyou.com/d123a201712271113105723.jpg","17/12/2018 11:25:51"
"295","12","章鱼","石居,八爪鱼,坐蛸,石吸,望潮,死牛","http://file.haoyunwuyou.com/2bb7d201712271111317931.jpg","17/12/2018 11:25:51"
"296","12","丁香鱼","小银鱼","http://file.haoyunwuyou.com/e1bcf201712271109532255.jpg","17/12/2018 11:25:51"
"297","12","先生鱼","安康鱼，蛤蟆鱼，老头鱼，结巴鱼，丑婆，海鬼鱼","http://file.haoyunwuyou.com/b303c20171227110812660.jpg","17/12/2018 11:25:51"
"298","12","梭子蟹","白蟹","http://file.haoyunwuyou.com/0ef50201712271103422006.jpg","17/12/2018 11:25:51"
"299","12","鲶鱼","鲇鱼，塘虱","http://file.haoyunwuyou.com/983e9201712271102084232.jpg","17/12/2018 11:25:51"
"300","12","鲨鱼","沙鱼","http://file.haoyunwuyou.com/dfdc1201712271100243083.jpg","17/12/2018 11:25:51"
"301","12","鲜贝","西施鲜贝","http://file.haoyunwuyou.com/51cef20171227105849694.jpg","17/12/2018 11:25:52"
"302","12","黄鱼","桂花黄鱼","http://file.haoyunwuyou.com/5cfe2201712271056457401.jpg","17/12/2018 11:25:52"
"303","12","鲳鱼","昌候鱼，昌鼠，鲳鳊，镜鱼，平鱼，叉片鱼","http://file.haoyunwuyou.com/cb796201712271054436347.jpg","17/12/2018 11:25:52"
"304","12","鱼籽","鱼子，大马哈鱼子","http://file.haoyunwuyou.com/33598201712271053355257.jpg","17/12/2018 11:25:52"
"305","12","牡蛎","生蚝，蛎黄，蚝白，海蛎子，青蚵，牡蛤","http://file.haoyunwuyou.com/1eb2a20171227105158605.jpg","17/12/2018 11:25:52"
"306","12","鲅鱼","马交，巴鱼，燕鲅鱼","http://file.haoyunwuyou.com/2fb18201712271050556698.jpg","17/12/2018 11:25:52"
"307","12","裙带菜","若布，海芥菜，海木耳","http://file.haoyunwuyou.com/41fad201712271046522880.jpg","17/12/2018 11:25:52"
"308","12","墨鱼","乌贼，墨斗鱼，目鱼，花枝","http://file.haoyunwuyou.com/0eb5c201712271045194662.jpg","17/12/2018 11:25:52"
"309","12","淡菜","壳菜，海虹，青口","http://file.haoyunwuyou.com/c8d07201712271043419496.jpg","17/12/2018 11:25:52"
"310","12","鲑鱼","三文鱼，大马哈鱼，萨门鱼","http://file.haoyunwuyou.com/a89d4201712271041362432.jpg","17/12/2018 11:25:52"
"311","12","银鱼","面丈鱼，面条鱼","http://file.haoyunwuyou.com/df3c720171227103750377.jpg","17/12/2018 11:25:52"
"312","12","珍珠粉",,"http://file.haoyunwuyou.com/67347201712271036082633.jpg","17/12/2018 11:25:52"
"313","12","草鱼","鲩鱼","http://file.haoyunwuyou.com/368f4201712271034176336.jpg","17/12/2018 11:25:52"
"314","12","带鱼","裙带鱼","http://file.haoyunwuyou.com/0fee9201712271032561317.jpg","17/12/2018 11:25:52"
"315","12","甲鱼","王八","http://file.haoyunwuyou.com/6f0f6201712271029244687.jpg","17/12/2018 11:25:52"
"316","12","秋刀鱼","竹刀鱼","http://file.haoyunwuyou.com/3ae82201712271027236825.jpg","17/12/2018 11:25:53"
"317","12","海带","长寿菜","http://file.haoyunwuyou.com/0544b20171227102512961.jpg","17/12/2018 11:25:53"
"318","12","紫菜","紫英","http://file.haoyunwuyou.com/c339a201712271021566777.jpg","17/12/2018 11:25:53"
"319","12","泥鳅","鱼鳅","http://file.haoyunwuyou.com/7b8fb201712271012414697.jpg","17/12/2018 11:25:53"
"320","12","青鱼","青鲩，乌青，螺蛳青，黑鲩，乌鲩，黑鲭，乌鲭，铜青","http://file.haoyunwuyou.com/5c558201712271010493916.jpg","17/12/2018 11:25:53"
"321","12","基围虾","刀额新对虾，独角新对虾","http://file.haoyunwuyou.com/18d0b2017122710020320.jpg","17/12/2018 11:25:53"
"322","12","海白菜","海菠菜，海莴苣，海条，青苔菜","http://file.haoyunwuyou.com/a5097201712271000446034.jpg","17/12/2018 11:25:53"
"323","12","干贝","瑶柱","http://file.haoyunwuyou.com/aa6f0201712270958123669.jpg","17/12/2018 11:25:53"
"324","12","红杉鱼","咸红衫鱼，红哥鲤，吊三鱼，拖三鱼，瓜三鱼","http://file.haoyunwuyou.com/a9e0020171227095415191.jpg","17/12/2018 11:25:53"
"325","12","黑鱼","蛇头鱼，乌鱼，乌棒，蛇头","http://file.haoyunwuyou.com/e4c04201712270952139030.jpg","17/12/2018 11:25:53"
"326","12","鲍鱼","九孔，紫鲍，盘鲍，大鲍","http://file.haoyunwuyou.com/dc910201712271106267135.jpg","17/12/2018 11:25:53"
"327","13","芝麻酱",,"http://file.haoyunwuyou.com/b2b6f201712281543392115.jpg","17/12/2018 11:25:53"
"328","13","红糖",,"http://file.haoyunwuyou.com/a8b36201712281542399346.jpg","17/12/2018 11:25:53"
"329","13","番茄酱",,"http://file.haoyunwuyou.com/db4ec201712281540115425.jpg","17/12/2018 11:25:53"
"330","13","豆腐乳","腐乳，酱豆腐，南乳，猫乳","http://file.haoyunwuyou.com/e719220171228153222720.jpg","17/12/2018 11:25:53"
"331","13","豆豉","香豉，淡豆豉","http://file.haoyunwuyou.com/cfb81201712281529378823.jpg","17/12/2018 11:25:54"
"332","13","芝麻油","香油，麻油","http://file.haoyunwuyou.com/8343b201712281528362627.jpg","17/12/2018 11:25:54"
"333","13","大葱","青葱，四季葱，事菜","http://file.haoyunwuyou.com/b2b33201712281527095492.jpg","17/12/2018 11:25:54"
"334","13","八角","舶茴香，八角珠，八角香，八角大茴，原油茴，八月珠，大料","http://file.haoyunwuyou.com/b9ee5201712281525536610.jpg","17/12/2018 11:25:54"
"335","13","芡粉","驼粉，粉面","http://file.haoyunwuyou.com/c906b20171228152425398.jpg","17/12/2018 11:25:54"
"336","13","姜","黄姜，均姜","http://file.haoyunwuyou.com/f4bcb201712281520469901.jpg","17/12/2018 11:25:54"
"337","13","大蒜","蒜头，大蒜头，胡蒜，葫，独蒜，独头蒜","http://file.haoyunwuyou.com/f7541201712281519398667.jpg","17/12/2018 11:25:54"
"338","13","鸡精",,"http://file.haoyunwuyou.com/4c89720171228151757862.jpg","17/12/2018 11:25:54"
"339","13","白糖","砂糖，石蜜，白霜糖，白砂糖","http://file.haoyunwuyou.com/17a6f201801041344369619.jpg","17/12/2018 11:25:54"
"340","13","料酒","烹饪用酒","http://file.haoyunwuyou.com/0f3e8201712281515282466.jpg","17/12/2018 11:25:54"
"341","13","味精","味素，味之素","http://file.haoyunwuyou.com/0fe752017122815124021.jpg","17/12/2018 11:25:54"
"342","13","猪油",,"http://file.haoyunwuyou.com/3c57a201801041346205548.jpg","17/12/2018 11:25:54"
"343","13","盐",,"http://file.haoyunwuyou.com/57c9f201712281510295242.jpg","17/12/2018 11:25:54"
"344","13","紫苏",,"http://file.haoyunwuyou.com/12cfe201712281509162796.jpg","17/12/2018 11:25:54"
"345","13","高汤","骨汤，鸡汤，鱼汤","http://file.haoyunwuyou.com/2227720171228150605799.jpg","17/12/2018 11:25:54"
"346","13","蚝油","牡蛎油","http://file.haoyunwuyou.com/58cc1201712281504557417.jpg","17/12/2018 11:25:54"
"347","13","芥末",,"http://file.haoyunwuyou.com/6db38201712281503579582.jpg","17/12/2018 11:25:54"
"348","13","豆瓣酱","蚕豆酱","http://file.haoyunwuyou.com/1e0f8201712281502409832.jpg","17/12/2018 11:25:55"
"349","13","黄酒","绍兴酒，老酒，加饭酒","http://file.haoyunwuyou.com/ba8b6201712281500579141.jpg","17/12/2018 11:25:55"
"350","13","醋","苦酒，淳酢，醯，酢","http://file.haoyunwuyou.com/43b6120171228145946790.jpg","17/12/2018 11:25:55"
"351","13","桂皮","官桂，肉桂，山肉桂，土桂，山玉桂，山桂皮","http://file.haoyunwuyou.com/10211201712281458071014.jpg","17/12/2018 11:25:55"
"352","13","胡椒粉","古月粉","http://file.haoyunwuyou.com/8b091201712281455245902.jpg","17/12/2018 11:25:55"
"353","13","薄荷",,"http://file.haoyunwuyou.com/18e87201712281450575105.jpg","17/12/2018 11:25:55"
"354","13","咖喱",,"http://file.haoyunwuyou.com/3e6c5201712281449542947.jpg","17/12/2018 11:25:55"
"355","13","冰糖",,"http://file.haoyunwuyou.com/23f5c201712281448566267.jpg","17/12/2018 11:25:55"
"356","13","辣椒","辣子，辣角，海椒","http://file.haoyunwuyou.com/466f4201712281447532040.jpg","17/12/2018 11:25:55"
"357","13","花椒","大椒，蜀椒，点椒，香椒，大花椒，青椒，山椒","http://file.haoyunwuyou.com/55c9f20171228144649146.jpg","17/12/2018 11:25:55"
"358","13","蜂蜜","石蜜，石饴，白沙蜜","http://file.haoyunwuyou.com/846e0201712281445104292.jpg","17/12/2018 11:25:55"
"359","13","酱油","豉油","http://file.haoyunwuyou.com/35939201712281443379867.jpg","17/12/2018 11:25:55"
"360","13","味增","日式大豆酱","http://file.haoyunwuyou.com/e67d820171228154124922.jpg","17/12/2018 11:25:55"
"361","14","纯净水",,"http://file.haoyunwuyou.com/4520e201801041749143844.jpg","17/12/2018 11:25:55"
"362","14","乌龙茶","青茶，半发酵茶","http://file.haoyunwuyou.com/ca4a320180104174246401.jpg","17/12/2018 11:25:55"
"363","14","啤酒","皮酒，麦酒","http://file.haoyunwuyou.com/9c9f8201801041748077580.jpg","17/12/2018 11:25:55"
"364","14","咖啡",,"http://file.haoyunwuyou.com/2c5ed201801041747007439.jpg","17/12/2018 11:25:55"
"365","14","红葡萄酒",,"http://file.haoyunwuyou.com/002af201801041738573083.jpg","17/12/2018 11:25:56"
"366","14","白葡萄酒",,"http://file.haoyunwuyou.com/f5ee42018010417362265.jpg","17/12/2018 11:25:56"
"367","14","奶茶",,"http://file.haoyunwuyou.com/780c8201801041735173728.jpg","17/12/2018 11:25:56"
"368","14","米酒",,"http://file.haoyunwuyou.com/fde46201801041733336706.jpg","17/12/2018 11:25:56"
"369","14","红牛",,"http://file.haoyunwuyou.com/38885201801041732073104.jpg","17/12/2018 11:25:56"
"370","14","苹果醋",,"http://file.haoyunwuyou.com/6aa15201801041730581913.jpg","17/12/2018 11:25:56"
"371","14","橙汁",,"http://file.haoyunwuyou.com/92095201801041730009678.jpg","17/12/2018 11:25:56"
"372","14","雪碧",,"http://file.haoyunwuyou.com/31330201801041728492205.jpg","17/12/2018 11:25:56"
"373","14","汤圆","元宵","http://file.haoyunwuyou.com/e3add201801041727378584.jpg","17/12/2018 11:25:56"
"374","14","牛奶","牛乳","http://file.haoyunwuyou.com/30a35201801041726329019.jpg","17/12/2018 11:25:56"
"375","14","可乐","可口可乐，百事可乐","http://file.haoyunwuyou.com/885af201801041725375884.jpg","17/12/2018 11:25:56"
"376","14","酸梅汤",,"http://file.haoyunwuyou.com/e4351201801041724143521.jpg","17/12/2018 11:25:56"
"377","14","花草茶",,"http://file.haoyunwuyou.com/320d0201801041723292911.jpg","17/12/2018 11:25:56"
"378","14","普洱茶",,"http://file.haoyunwuyou.com/daca3201801041722232304.jpg","17/12/2018 11:25:56"
"379","14","白酒","烧酒，老白干，烧刀子","http://file.haoyunwuyou.com/171fd201801041720322292.jpg","17/12/2018 11:25:56"
"380","14","酸奶",,"http://file.haoyunwuyou.com/ed0da201801041718468415.jpg","17/12/2018 11:25:56"
"381","14","加多宝",,"http://file.haoyunwuyou.com/fd2e8201801041717299960.jpg","17/12/2018 11:25:56"
"382","14","王老吉",,"http://file.haoyunwuyou.com/0b57f201801041716228981.jpg","17/12/2018 11:25:56"
"383","14","矿泉水",,"http://file.haoyunwuyou.com/e839d201801041713214224.jpg","17/12/2018 11:25:56"
"384","15","肯德基","KFC","http://file.haoyunwuyou.com/46228201712280952137767.jpg","17/12/2018 11:25:56"
"385","15","绝味鸭脖",,"http://file.haoyunwuyou.com/ed38a201712280951037387.jpg","17/12/2018 11:25:56"
"386","15","周黑鸭",,"http://file.haoyunwuyou.com/bf9ec201712280949122924.jpg","17/12/2018 11:25:56"
"387","15","葡萄干","乌珠木，美国黑珍珠","http://file.haoyunwuyou.com/1502820171228094606948.jpg","17/12/2018 11:25:56"
"388","15","话梅","黄梅","http://file.haoyunwuyou.com/2ed2c201712271613421138.jpg","17/12/2018 11:25:56"
"389","15","薄荷糖",,"http://file.haoyunwuyou.com/885d7201712271611549672.jpg","17/12/2018 11:25:56"
"390","15","龟苓膏",,"http://file.haoyunwuyou.com/fcb66201712271610434715.jpg","17/12/2018 11:25:56"
"391","15","饼干",,"http://file.haoyunwuyou.com/15599201712271609389651.jpg","17/12/2018 11:25:56"
"392","15","粽子","筒粽","http://file.haoyunwuyou.com/0072c201712271607576042.jpg","17/12/2018 11:25:56"
"393","15","辣条","辣片，麻辣条，辣椒条，辣子条，豆腐皮，麻辣，辣皮子","http://file.haoyunwuyou.com/a43d4201712271606146325.jpg","17/12/2018 11:25:56"
"394","15","酸辣粉",,"http://file.haoyunwuyou.com/97859201712271605081847.jpg","17/12/2018 11:25:57"
"395","15","必胜客",,"http://file.haoyunwuyou.com/bfc0420171227160346203.jpg","17/12/2018 11:25:57"
"396","15","海底捞",,"http://file.haoyunwuyou.com/b1e10201712271602441976.jpg","17/12/2018 11:25:57"
"397","15","烧烤",,"http://file.haoyunwuyou.com/a30fd201712271601447893.jpg","17/12/2018 11:25:57"
"398","15","麦当劳","McDonald","http://file.haoyunwuyou.com/9caee201712271600134255.jpg","17/12/2018 11:25:57"
"399","15","月饼",,"http://file.haoyunwuyou.com/4f96820171227155818337.jpg","17/12/2018 11:25:57"
"400","15","手抓饼",,"http://file.haoyunwuyou.com/9e8dd201712271557023601.jpg","17/12/2018 11:25:57"
"401","15","切糕","玛仁糖","http://file.haoyunwuyou.com/01690201712271555207876.jpg","17/12/2018 11:25:57"
"402","15","久久鸭",,"http://file.haoyunwuyou.com/791f4201801041048218221.jpg","17/12/2018 11:25:57"
"403","15","蜜饯","果脯","http://file.haoyunwuyou.com/45de4201712271551282763.jpg","17/12/2018 11:25:57"
"404","15","茶叶蛋",,"http://file.haoyunwuyou.com/a6b7e201801041045389245.jpg","17/12/2018 11:25:57"
"405","15","奶糖",,"http://file.haoyunwuyou.com/934cb201712271548249328.jpg","17/12/2018 11:25:57"
"406","15","爆米花",,"http://file.haoyunwuyou.com/9f231201712271547151573.jpg","17/12/2018 11:25:57"
"407","15","口香糖",,"http://file.haoyunwuyou.com/0cf08201712271545293394.jpg","17/12/2018 11:25:57"
"408","15","臭豆腐",,"http://file.haoyunwuyou.com/71e50201712271544135626.jpg","17/12/2018 11:25:57"
"409","15","鸭脖",,"http://file.haoyunwuyou.com/0c49a201712271540112565.jpg","17/12/2018 11:25:57"
"410","15","果冻",,"http://file.haoyunwuyou.com/12ddd201712271538397830.jpg","17/12/2018 11:25:57"
"411","15","麻辣烫","冒菜","http://file.haoyunwuyou.com/483bc201712271533529373.jpg","17/12/2018 11:25:57"
"412","15","炒年糕",,"http://file.haoyunwuyou.com/b9803201712271532297854.jpg","17/12/2018 11:25:57"
"413","15","方便面","快餐面，泡面，杯面，快熟面，速食面，即食面，公仔面，干脆面","http://file.haoyunwuyou.com/ffffd20171227153040735.jpg","17/12/2018 11:25:57"
"414","15","火腿肠",,"http://file.haoyunwuyou.com/781c5201712271522517800.jpg","17/12/2018 11:25:57"
"415","15","巧克力","朱古力","http://file.haoyunwuyou.com/b082d201712271521036815.jpg","17/12/2018 11:25:57"
"416","15","冰淇淋","雪糕，奶糕，豆糕，炒冰块，冰激凌","http://file.haoyunwuyou.com/395f4201712271519401904.jpg","17/12/2018 11:25:57"
"417","15","槟榔","宾门，槟楠，大白槟，仁频，仁榔，洗瘴丹，仙瘴丹，螺果","http://file.haoyunwuyou.com/399bb201712271517293549.jpg","17/12/2018 11:25:57"
"418","15","海苔",,"http://file.haoyunwuyou.com/f7733201712271515181296.jpg","17/12/2018 11:25:57"
"419","15","薯片",,"http://file.haoyunwuyou.com/1abb2201809281124389388.jpg","17/12/2018 11:25:57"
"420","15","羊肉串",,"http://file.haoyunwuyou.com/34c92201712271504405160.jpg","17/12/2018 11:25:57"
"421","15","猪肉脯",,"http://file.haoyunwuyou.com/353a7201712271501467874.jpg","17/12/2018 11:25:57"
"422","15","蛋糕",,"http://file.haoyunwuyou.com/eef5720171227150048231.jpg","17/12/2018 11:25:57"
"423","15","棒棒糖",,"http://file.haoyunwuyou.com/94375201712271459121483.jpg","17/12/2018 11:25:57"
"424","16","冻豆腐","冷冻水豆腐，海绵豆腐","http://file.haoyunwuyou.com/73753201712271456537255.jpg","17/12/2018 11:25:57"
"425","16","奶酪","芝士，起司，起士，乳酪","http://file.haoyunwuyou.com/11035201712271454459877.jpg","17/12/2018 11:25:57"
"426","16","豆浆","豆奶，豆乳","http://file.haoyunwuyou.com/5c19c20171227145307162.jpg","17/12/2018 11:25:57"
"427","16","豆腐","黄豆干酪，猴脑","http://file.haoyunwuyou.com/4112b201712271452044130.jpg","17/12/2018 11:25:57"
"428","16","油面筋","面筋泡，油炸生筋","http://file.haoyunwuyou.com/2141c201712271448576913.jpg","17/12/2018 11:25:57"
"429","16","雪糕","冰淇淋，冰糕，冰棍","http://file.haoyunwuyou.com/1abb220180928112254837.jpg","17/12/2018 11:25:57"
"430","16","黄油","乳脂，白脱油","http://file.haoyunwuyou.com/a1730201712271436132376.jpg","17/12/2018 11:25:57"
"431","16","面筋",,"http://file.haoyunwuyou.com/a7350201801041016208995.jpg","17/12/2018 11:25:57"
"432","17","白果","银杏果，公孙树子","http://file.haoyunwuyou.com/0a405201712281033463671.jpg","17/12/2018 11:25:57"
"433","17","腰果","鸡腰果，介寿果，槚如树","http://file.haoyunwuyou.com/d78f3201712281032439872.jpg","17/12/2018 11:25:57"
"434","17","板栗","栗，中国板栗，栗子","http://file.haoyunwuyou.com/75844201712281030558271.jpg","17/12/2018 11:25:57"
"435","17","葵瓜子","向日葵子，天葵子，葵花子，西番菊，迎阳花","http://file.haoyunwuyou.com/93645201801041109483406.jpg","17/12/2018 11:25:57"
"436","17","芝麻","胡麻，白麻","http://file.haoyunwuyou.com/00aa0201712281028193120.jpg","17/12/2018 11:25:57"
"437","17","莲子","莲实，莲米，莲肉","http://file.haoyunwuyou.com/5ab56201712281026337581.jpg","17/12/2018 11:25:57"
"438","17","夏威夷果","澳洲坚果，火山豆，昆士兰果，澳洲胡桃","http://file.haoyunwuyou.com/d59c1201712281025214896.jpg","17/12/2018 11:25:57"
"439","17","松子","罗松子，海松子，新罗松子，红松果，松仁，松元","http://file.haoyunwuyou.com/716c5201712281022516249.jpg","17/12/2018 11:25:57"
"440","17","开心果","阿月浑子，胡棒子，无名子","http://file.haoyunwuyou.com/68fb5201712281010316262.jpg","17/12/2018 11:25:57"
"441","17","榛子","棰子，平榛，山板栗","http://file.haoyunwuyou.com/c5b21201712281006181343.jpg","17/12/2018 11:25:58"
"442","17","西瓜子","瓜子，寒瓜子","http://file.haoyunwuyou.com/cea4d201801041101217546.jpg","17/12/2018 11:25:58"
"443","17","碧根果","长寿果，香瓜茄","http://file.haoyunwuyou.com/a168d201801041057466066.jpg","17/12/2018 11:25:58"
"444","17","南瓜子","南瓜籽，白瓜子，金瓜米，番撤，金瓜子，北瓜子，窝瓜子","http://file.haoyunwuyou.com/1ab89201712280959596333.jpg","17/12/2018 11:25:58"
"445","17","核桃","胡桃，英国胡桃，波斯胡桃","http://file.haoyunwuyou.com/a168d201712280958537371.jpg","17/12/2018 11:25:58"
"446","17","杏仁","杏核仁，杏子，木落子，苦杏仁，杏梅仁","http://file.haoyunwuyou.com/528bb201712280955294249.jpg","17/12/2018 11:25:58"
"447","18","阿胶","盆覆胶，驴皮胶","http://file.haoyunwuyou.com/a1cd8201712281431597698.jpg","17/12/2018 11:25:58"
"448","18","甘草",,"http://file.haoyunwuyou.com/fd214201712281430276158.jpg","17/12/2018 11:25:58"
"449","18","党参","防风党参，黄参，防党参，上党参，狮头参","http://file.haoyunwuyou.com/4dcfa201801041149129915.jpg","17/12/2018 11:25:58"
"450","18","人参","黄参，血参，人衔，鬼盖，神草，土精","http://file.haoyunwuyou.com/1ce4e201712281426432094.jpg","17/12/2018 11:25:58"
"451","18","桔梗","铃当花","http://file.haoyunwuyou.com/532f4201712281425081992.jpg","17/12/2018 11:25:58"
"452","18","金银花","忍冬，金银藤，银藤，二色花藤，二宝藤","http://file.haoyunwuyou.com/603fd201712281421588110.jpg","17/12/2018 11:25:58"
"453","18","板蓝根","靛青根，蓝靛根，大青根","http://file.haoyunwuyou.com/a957a201712281420476670.jpg","17/12/2018 11:25:58"
"454","18","雪蛤","林蛙","http://file.haoyunwuyou.com/87736201712281419136113.jpg","17/12/2018 11:25:58"
"455","18","固元膏","阿胶糕","http://file.haoyunwuyou.com/bc0dc201712281417354462.jpg","17/12/2018 11:25:58"
"456","18","燕窝","白燕，黄燕，官燕","http://file.haoyunwuyou.com/1bbab201712281416233948.jpg","17/12/2018 11:25:58"
"457","18","当归","干归，马尾当归，秦哪，马尾归云归","http://file.haoyunwuyou.com/254c0201712281415198547.jpg","17/12/2018 11:25:58"
"458","18","川贝","勃母，母龙精","http://file.haoyunwuyou.com/a1b75201712281413246883.jpg","17/12/2018 11:25:58"
"459","18","益母草","益母蒿，益母艾，红花艾，坤草","http://file.haoyunwuyou.com/88fdf201712281411555739.jpg","17/12/2018 11:25:58"
"460","18","红花","草红，刺红花，杜红花，金红花","http://file.haoyunwuyou.com/8686c201801041157273843.jpg","17/12/2018 11:25:58"
"461","18","灵芝","灵芝草，神芝，芝草，仙草，瑞草","http://file.haoyunwuyou.com/c4844201712281409255783.jpg","17/12/2018 11:25:58"
"462","18","冬虫夏草","中华虫草，虫草 ，冬虫草","http://file.haoyunwuyou.com/844b6201712281407579608.jpg","17/12/2018 11:25:58"
"463","18","王不留行","麦蓝菜，奶米，大麦牛，剪金花，金盏银台","http://file.haoyunwuyou.com/4af83201712281405465890.jpg","17/12/2018 11:25:58"
"464","18","陈皮","橘皮，贵老，红皮，黄橘皮，广橘皮，新会皮，柑皮，广陈皮","http://file.haoyunwuyou.com/b5ae4201712281404329519.jpg","17/12/2018 11:25:58"
"465","18","菊花","金英，黄华，秋菊，寿客，陶菊","http://file.haoyunwuyou.com/b2980201712281401596687.jpg","17/12/2018 11:25:58"
"466","18","葡萄糖","玉米葡糖，玉蜀黍糖，葡糖","http://file.haoyunwuyou.com/1b5d7201712281355341140.jpg","17/12/2018 11:25:58"
"467","18","西洋参","洋参，花旗参","http://file.haoyunwuyou.com/e510220171228135429968.jpg","17/12/2018 11:25:58"
"468","18","枸杞","枸杞子","http://file.haoyunwuyou.com/91920201712281353045507.jpg","17/12/2018 11:25:58"
"469","1","露营",,"http://file.haoyunwuyou.com/c028f201712281639167495.jpg","17/12/2018 11:56:49"
"470","1","去海边",,"http://file.haoyunwuyou.com/8416920180104135853617.jpg","17/12/2018 11:56:49"
"471","1","去水上乐园",,"http://file.haoyunwuyou.com/5cc64201712281635186031.jpg","17/12/2018 11:56:49"
"472","1","去海洋馆",,"http://file.haoyunwuyou.com/3fc89201712281634085248.jpg","17/12/2018 11:56:49"
"473","1","搭摩托车",,"http://file.haoyunwuyou.com/fe99f201712281632468915.jpg","17/12/2018 11:56:49"
"474","1","坐动车",,"http://file.haoyunwuyou.com/b0553201712281631246134.jpg","17/12/2018 11:56:49"
"475","1","坐火车",,"http://file.haoyunwuyou.com/88894201712281629565324.jpg","17/12/2018 11:56:49"
"476","1","坐汽车",,"http://file.haoyunwuyou.com/7ade0201712281628191081.jpg","17/12/2018 11:56:49"
"477","1","上班",,"http://file.haoyunwuyou.com/b2e03201712281626001156.jpg","17/12/2018 11:56:49"
"478","1","坐公交",,"http://file.haoyunwuyou.com/896f9201712281624168976.jpg","17/12/2018 11:56:49"
"479","1","旅游",,"http://file.haoyunwuyou.com/a093a20171228162228488.jpg","17/12/2018 11:56:49"
"480","1","逛街",,"http://file.haoyunwuyou.com/e3b30201712281621101315.jpg","17/12/2018 11:56:49"
"481","1","逛动物园",,"http://file.haoyunwuyou.com/63dc420171228161945670.jpg","17/12/2018 11:56:49"
"482","1","爬山",,"http://file.haoyunwuyou.com/c9fe5201801041356017603.jpg","17/12/2018 11:56:50"
"483","1","过安检",,"http://file.haoyunwuyou.com/1769c201712281617316935.jpg","17/12/2018 11:56:50"
"484","1","坐高铁",,"http://file.haoyunwuyou.com/287e1201712281616335997.jpg","17/12/2018 11:56:50"
"485","1","坐地铁",,"http://file.haoyunwuyou.com/e9ef8201801041354471944.jpg","17/12/2018 11:56:50"
"486","1","坐船",,"http://file.haoyunwuyou.com/bd1f2201712281614062434.jpg","17/12/2018 11:56:50"
"487","1","扫墓",,"http://file.haoyunwuyou.com/8342b20180104135157561.jpg","17/12/2018 11:56:50"
"488","1","骑摩托车",,"http://file.haoyunwuyou.com/03d6e201712281611408848.jpg","17/12/2018 11:56:50"
"489","1","热带旅行",,"http://file.haoyunwuyou.com/675ce201712281607439776.jpg","17/12/2018 11:56:50"
"490","1","骑电瓶车","骑电动车","http://file.haoyunwuyou.com/96f83201712281606114687.jpg","17/12/2018 11:56:50"
"491","1","学车","考驾照","http://file.haoyunwuyou.com/6e10d201712281603448925.jpg","17/12/2018 11:56:50"
"492","1","系安全带",,"http://file.haoyunwuyou.com/943c3201712281602568532.jpg","17/12/2018 11:56:50"
"493","1","开车",,"http://file.haoyunwuyou.com/06194201712281601049808.jpg","17/12/2018 11:56:50"
"494","1","搭飞机",,"http://file.haoyunwuyou.com/a0407201712281559463579.jpg","17/12/2018 11:56:50"
"495","1","骑自行车",,"http://file.haoyunwuyou.com/c9c5020171228155832414.jpg","17/12/2018 11:56:50"
"496","1","闻汽油味",,"http://file.haoyunwuyou.com/ebf88201712281553491299.jpg","17/12/2018 11:56:50"
"497","1","晒太阳",,"http://file.haoyunwuyou.com/024df201712281553037611.jpg","17/12/2018 11:56:50"
"498","1","乘电梯",,"http://file.haoyunwuyou.com/c2570201712281546223761.jpg","17/12/2018 11:56:50"
"499","2","做腰部运动",,"http://file.haoyunwuyou.com/12259201712291034257915.jpg","17/12/2018 11:56:51"
"500","2","民族舞",,"http://file.haoyunwuyou.com/2c37b201712291033439351.jpg","17/12/2018 11:56:51"
"501","2","滑雪",,"http://file.haoyunwuyou.com/9a010201712291020024118.jpg","17/12/2018 11:56:51"
"502","2","骑马",,"http://file.haoyunwuyou.com/64cab201712291018497893.jpg","17/12/2018 11:56:51"
"503","2","打网球",,"http://file.haoyunwuyou.com/59f89201712291016545849.jpg","17/12/2018 11:56:51"
"504","2","踢毽子",,"http://file.haoyunwuyou.com/5f932201712291014103448.jpg","17/12/2018 11:56:51"
"505","2","跳街舞",,"http://file.haoyunwuyou.com/47ea8201712291011197238.jpg","17/12/2018 11:56:51"
"506","2","做广播体操",,"http://file.haoyunwuyou.com/ba9ce201712291009402062.jpg","17/12/2018 11:56:51"
"507","2","跳广场舞",,"http://file.haoyunwuyou.com/70abf201712281843352919.jpg","17/12/2018 11:56:51"
"508","2","跳肚皮舞",,"http://file.haoyunwuyou.com/3df44201712281842113757.jpg","17/12/2018 11:56:51"
"509","2","跳拉丁舞",,"http://file.haoyunwuyou.com/80523201712281841107460.jpg","17/12/2018 11:56:51"
"510","2","晨练",,"http://file.haoyunwuyou.com/9b492201712281839341181.jpg","17/12/2018 11:56:51"
"511","2","打太极",,"http://file.haoyunwuyou.com/721c6201712281838146949.jpg","17/12/2018 11:56:51"
"512","2","踢足球",,"http://file.haoyunwuyou.com/dc59b201712281836243706.jpg","17/12/2018 11:56:51"
"513","2","减肥操",,"http://file.haoyunwuyou.com/017a6201712281834227574.jpg","17/12/2018 11:56:51"
"514","2","用跑步机",,"http://file.haoyunwuyou.com/baf23201712281833159216.jpg","17/12/2018 11:56:51"
"515","2","快走",,"http://file.haoyunwuyou.com/91f9e201712281831422825.jpg","17/12/2018 11:56:51"
"516","2","跑步",,"http://file.haoyunwuyou.com/70154201712281830373776.jpg","17/12/2018 11:56:52"
"517","2","打球",,"http://file.haoyunwuyou.com/c48ed201712281828515260.jpg","17/12/2018 11:56:52"
"518","2","散步",,"http://file.haoyunwuyou.com/bd098201801041415262805.jpg","17/12/2018 11:56:52"
"519","2","打篮球",,"http://file.haoyunwuyou.com/ce430201712281825367364.jpg","17/12/2018 11:56:52"
"520","2","熬夜",,"http://file.haoyunwuyou.com/fa071201712281815032890.jpg","17/12/2018 11:56:52"
"521","2","吵架",,"http://file.haoyunwuyou.com/0a275201712281813455911.jpg","17/12/2018 11:56:52"
"522","2","搬家",,"http://file.haoyunwuyou.com/fdbfd201712281811586737.jpg","17/12/2018 11:56:52"
"523","2","房事",,"http://file.haoyunwuyou.com/d5754201712281809463392.jpg","17/12/2018 11:56:52"
"524","2","受惊",,"http://file.haoyunwuyou.com/1337b201712281807093358.jpg","17/12/2018 11:56:52"
"525","2","挨饿",,"http://file.haoyunwuyou.com/f65f4201712281805366993.jpg","17/12/2018 11:56:52"
"526","2","单一睡姿",,"http://file.haoyunwuyou.com/9c1c4201712281804135674.jpg","17/12/2018 11:56:52"
"527","2","自慰",,"http://file.haoyunwuyou.com/ceaf9201712281802425345.jpg","17/12/2018 11:56:52"
"528","2","抽烟",,"http://file.haoyunwuyou.com/f6e63201712281801111805.jpg","17/12/2018 11:56:52"
"529","2","哭",,"http://file.haoyunwuyou.com/b8cd2201801041413346503.jpg","17/12/2018 11:56:52"
"530","2","大笑",,"http://file.haoyunwuyou.com/dd7b8201712281756597400.jpg","17/12/2018 11:56:52"
"531","2","憋尿",,"http://file.haoyunwuyou.com/72da7201712281755352800.jpg","17/12/2018 11:56:52"
"532","2","射箭",,"http://file.haoyunwuyou.com/68eff201712281753541548.jpg","17/12/2018 11:56:53"
"533","2","爬楼梯",,"http://file.haoyunwuyou.com/70780201712281752376317.jpg","17/12/2018 11:56:53"
"534","2","健身",,"http://file.haoyunwuyou.com/42a7c201712281751471263.jpg","17/12/2018 11:56:53"
"535","2","做仰卧起坐",,"http://file.haoyunwuyou.com/d3001201801041411387135.jpg","17/12/2018 11:56:53"
"536","2","伸懒腰",,"http://file.haoyunwuyou.com/ba0c3201712281748483892.jpg","17/12/2018 11:56:53"
"537","2","踢腿",,"http://file.haoyunwuyou.com/2e066201712281747535596.jpg","17/12/2018 11:56:53"
"538","2","拍打肚子",,"http://file.haoyunwuyou.com/2f329201712281743331695.jpg","17/12/2018 11:56:53"
"539","2","脚抬高",,"http://file.haoyunwuyou.com/49aba201712281742208288.jpg","17/12/2018 11:56:53"
"540","2","倒立",,"http://file.haoyunwuyou.com/a7504201712281740334117.jpg","17/12/2018 11:56:53"
"541","2","半躺",,"http://file.haoyunwuyou.com/1c599201712281737381552.jpg","17/12/2018 11:56:53"
"542","2","右侧睡",,"http://file.haoyunwuyou.com/2bad9201801041409426214.jpg","17/12/2018 11:56:53"
"543","2","吹气球",,"http://file.haoyunwuyou.com/4c7ea201712281735288783.jpg","17/12/2018 11:56:53"
"544","2","潜水",,"http://file.haoyunwuyou.com/3a367201801041408124085.jpg","17/12/2018 11:56:53"
"545","2","平躺",,"http://file.haoyunwuyou.com/e797d201712281733137770.jpg","17/12/2018 11:56:53"
"546","2","趴着",,"http://file.haoyunwuyou.com/86dd7201712281731353962.jpg","17/12/2018 11:56:53"
"547","2","翘腿",,"http://file.haoyunwuyou.com/1096c201712281729545892.jpg","17/12/2018 11:56:53"
"548","2","跷二郎腿",,"http://file.haoyunwuyou.com/e6665201712281728155333.jpg","17/12/2018 11:56:53"
"549","2","打羽毛球",,"http://file.haoyunwuyou.com/8baab201712281725411781.jpg","17/12/2018 11:56:53"
"550","2","侧卧",,"http://file.haoyunwuyou.com/bea1420171228172429254.jpg","17/12/2018 11:56:54"
"551","2","摸肚子",,"http://file.haoyunwuyou.com/5fcb8201801041406593917.jpg","17/12/2018 11:56:54"
"552","2","盘腿",,"http://file.haoyunwuyou.com/817fc201712281722344567.jpg","17/12/2018 11:56:54"
"553","2","打乒乓球",,"http://file.haoyunwuyou.com/848b6201801041405499067.jpg","17/12/2018 11:56:54"
"554","2","揉肚子",,"http://file.haoyunwuyou.com/2023f201712281718349872.jpg","17/12/2018 11:56:54"
"555","2","搬床",,"http://file.haoyunwuyou.com/9bb96201712281717263809.jpg","17/12/2018 11:56:54"
"556","2","下蹲",,"http://file.haoyunwuyou.com/83eb7201712281716124128.jpg","17/12/2018 11:56:54"
"557","2","跳绳",,"http://file.haoyunwuyou.com/5badd201801041402492558.jpg","17/12/2018 11:56:54"
"558","2","舞蹈","跳舞","http://file.haoyunwuyou.com/2b82e201712281711444849.jpg","17/12/2018 11:56:54"
"559","2","做操",,"http://file.haoyunwuyou.com/1c3cb201712281710461196.jpg","17/12/2018 11:56:54"
"560","2","抱小孩",,"http://file.haoyunwuyou.com/5fb77201712281709446825.jpg","17/12/2018 11:56:54"
"561","2","游泳",,"http://file.haoyunwuyou.com/bc782201712281708164714.jpg","17/12/2018 11:56:54"
"562","3","打针",,"http://file.haoyunwuyou.com/9ed7c201801031037007225.jpg","17/12/2018 11:56:54"
"563","3","种植牙",,"http://file.haoyunwuyou.com/acd7d201801031024444897.jpg","17/12/2018 11:56:54"
"564","3","烤瓷牙",,"http://file.haoyunwuyou.com/e8a2a201801031021044206.jpg","17/12/2018 11:56:54"
"565","3","做牙齿矫正",,"http://file.haoyunwuyou.com/b2d11201801031031132391.jpg","17/12/2018 11:56:54"
"566","3","打耳洞",,"http://file.haoyunwuyou.com/e6a5b20180103103938514.jpg","17/12/2018 11:56:54"
"567","3","做过敏原检测",,"http://file.haoyunwuyou.com/053d7201801031018033320.jpg","17/12/2018 11:56:55"
"568","3","痔疮手术",,"http://file.haoyunwuyou.com/968cd201801031016529564.jpg","17/12/2018 11:56:55"
"569","3","涂头发营养油",,"http://file.haoyunwuyou.com/8a8ec201801031015572037.jpg","17/12/2018 11:56:55"
"570","3","光疗美甲",,"http://file.haoyunwuyou.com/ed2e22018010310111581.jpg","17/12/2018 11:56:55"
"571","3","贴假指甲",,"http://file.haoyunwuyou.com/3096f201801031033427195.jpg","17/12/2018 11:56:55"
"572","3","平板支撑",,"http://file.haoyunwuyou.com/d3f65201801031006189507.jpg","17/12/2018 11:56:55"
"573","3","用眼药水",,"http://file.haoyunwuyou.com/f3de8201801031004207236.jpg","17/12/2018 11:56:55"
"574","3","纹身",,"http://file.haoyunwuyou.com/50b36201801031002528475.jpg","17/12/2018 11:56:55"
"575","3","泡温泉",,"http://file.haoyunwuyou.com/56031201801031002066358.jpg","17/12/2018 11:56:55"
"576","3","掏耳朵",,"http://file.haoyunwuyou.com/89cb8201801031001015339.jpg","17/12/2018 11:56:55"
"577","3","汗蒸",,"http://file.haoyunwuyou.com/0302c201801030959486463.jpg","17/12/2018 11:56:55"
"578","3","拔罐",,"http://file.haoyunwuyou.com/9e6d0201801030958597912.jpg","17/12/2018 11:56:55"
"579","3","用牙膏",,"http://file.haoyunwuyou.com/cd7b9201801030958171497.jpg","17/12/2018 11:56:55"
"580","3","喷西瓜霜",,"http://file.haoyunwuyou.com/6c764201801030957316873.jpg","17/12/2018 11:56:55"
"581","3","用电动牙刷",,"http://file.haoyunwuyou.com/15ec4201801030954494975.jpg","17/12/2018 11:56:55"
"582","3","去黑头",,"http://file.haoyunwuyou.com/9c542201801030953485566.jpg","17/12/2018 11:56:55"
"583","3","拔牙",,"http://file.haoyunwuyou.com/2b550201801030952454527.jpg","17/12/2018 11:56:56"
"584","3","牙齿治疗",,"http://file.haoyunwuyou.com/7efba201801030951393706.jpg","17/12/2018 11:56:56"
"585","3","护理牙齿",,"http://file.haoyunwuyou.com/ea7c7201801030948266402.jpg","17/12/2018 11:56:56"
"586","3","护理乳房",,"http://file.haoyunwuyou.com/5dbe5201712301800419687.jpg","17/12/2018 11:56:56"
"587","3","用卷发器",,"http://file.haoyunwuyou.com/88173201712301759016907.jpg","17/12/2018 11:56:56"
"588","3","软化头发",,"http://file.haoyunwuyou.com/b1bcf201712301757005583.jpg","17/12/2018 11:56:56"
"589","3","剪头发",,"http://file.haoyunwuyou.com/ae5e7201712301756052625.jpg","17/12/2018 11:56:56"
"590","3","做焗油",,"http://file.haoyunwuyou.com/f9680201712301752166471.jpg","17/12/2018 11:56:56"
"591","3","理发",,"http://file.haoyunwuyou.com/b75aa201712301751219121.jpg","17/12/2018 11:56:56"
"592","3","用护发精油",,"http://file.haoyunwuyou.com/3730d201712301749356905.jpg","17/12/2018 11:56:56"
"593","3","喷发胶",,"http://file.haoyunwuyou.com/0eba6201712301748192552.jpg","17/12/2018 11:56:56"
"594","3","烫染发",,"http://file.haoyunwuyou.com/742cd201712301744521367.jpg","17/12/2018 11:56:56"
"595","3","用洗发水",,"http://file.haoyunwuyou.com/1abb2201712301743299947.jpg","17/12/2018 11:56:56"
"596","3","洗头",,"http://file.haoyunwuyou.com/1de55201712301739314833.jpg","17/12/2018 11:56:56"
"597","3","用洁尔阴",,"http://file.haoyunwuyou.com/a281b201712301737084176.jpg","17/12/2018 11:56:56"
"598","3","洗冷水澡",,"http://file.haoyunwuyou.com/4d1f4201712301729029330.jpg","17/12/2018 11:56:56"
"599","3","去狐臭",,"http://file.haoyunwuyou.com/58f13201712301727536471.jpg","17/12/2018 11:56:57"
"600","3","搓澡",,"http://file.haoyunwuyou.com/2613c201712301726385501.jpg","17/12/2018 11:56:57"
"601","3","用洗手液",,"http://file.haoyunwuyou.com/f3e92201712301725562475.jpg","17/12/2018 11:56:57"
"602","3","用妇炎洁",,"http://file.haoyunwuyou.com/099bc20171230172344624.jpg","17/12/2018 11:56:57"
"603","3","坐浴",,"http://file.haoyunwuyou.com/e210d201712301714105271.jpg","17/12/2018 11:56:57"
"604","3","蒸桑拿",,"http://file.haoyunwuyou.com/0236520171230171310928.jpg","17/12/2018 11:56:57"
"605","3","洗热水澡",,"http://file.haoyunwuyou.com/bb5c820180104145933107.jpg","17/12/2018 11:56:57"
"606","3","用沐浴露",,"http://file.haoyunwuyou.com/1ecae201712301711029921.jpg","17/12/2018 11:56:57"
"607","3","清洗腋下",,"http://file.haoyunwuyou.com/dd00e201712301710111378.jpg","17/12/2018 11:56:57"
"608","3","清洗外阴",,"http://file.haoyunwuyou.com/0bc6820171230170910363.jpg","17/12/2018 11:56:57"
"609","3","清洗乳房",,"http://file.haoyunwuyou.com/ecbe9201712301708025274.jpg","17/12/2018 11:56:57"
"610","3","洗澡",,"http://file.haoyunwuyou.com/69f77201712301706471270.jpg","17/12/2018 11:56:57"
"611","3","用婴儿洗发沐浴露",,"http://file.haoyunwuyou.com/cac57201712301705358210.jpg","17/12/2018 11:56:57"
"612","3","拔毛",,"http://file.haoyunwuyou.com/cac57201712301659398432.jpg","17/12/2018 11:56:57"
"613","3","用开塞露",,"http://file.haoyunwuyou.com/81f0b201712301658381972.jpg","17/12/2018 11:56:57"
"614","3","用护手霜",,"http://file.haoyunwuyou.com/492ac201712301657484546.jpg","17/12/2018 11:56:57"
"615","3","用香皂",,"http://file.haoyunwuyou.com/8960920171230165654926.jpg","17/12/2018 11:56:58"
"616","3","用卫生巾",,"http://file.haoyunwuyou.com/fd3c7201712301655109483.jpg","17/12/2018 11:56:58"
"617","3","捏脖子",,"http://file.haoyunwuyou.com/72377201712301653429200.jpg","17/12/2018 11:56:58"
"618","3","脚底按摩",,"http://file.haoyunwuyou.com/6d74f201712301652447847.jpg","17/12/2018 11:56:58"
"619","3","用芦荟胶护肤",,"http://file.haoyunwuyou.com/34b35201712301651165333.jpg","17/12/2018 11:56:58"
"620","3","按摩全身",,"http://file.haoyunwuyou.com/a26bc201712301649527139.jpg","17/12/2018 11:56:58"
"621","3","按摩肚子",,"http://file.haoyunwuyou.com/cdd41201712301648507462.jpg","17/12/2018 11:56:58"
"622","3","贴膏药",,"http://file.haoyunwuyou.com/141db201712301646516466.jpg","17/12/2018 11:56:58"
"623","3","涂花露水",,"http://file.haoyunwuyou.com/ba69d201712301645207304.jpg","17/12/2018 11:56:58"
"624","3","做spa",,"http://file.haoyunwuyou.com/d3fc7201712301644213494.jpg","17/12/2018 11:56:58"
"625","3","用绵羊油",,"http://file.haoyunwuyou.com/176c3201712301643315703.jpg","17/12/2018 11:56:58"
"626","3","涂姜",,"http://file.haoyunwuyou.com/cbe7b201712301642244696.jpg","17/12/2018 11:56:58"
"627","3","用苏打水",,"http://file.haoyunwuyou.com/342cd201712301641267298.jpg","17/12/2018 11:56:58"
"628","3","涂青草膏",,"http://file.haoyunwuyou.com/701b620171230164037217.jpg","17/12/2018 11:56:58"
"629","3","治脚气",,"http://file.haoyunwuyou.com/36a07201712301639314056.jpg","17/12/2018 11:56:58"
"630","3","用创可贴",,"http://file.haoyunwuyou.com/9cce3201712301638338456.jpg","17/12/2018 11:56:58"
"631","3","涂蜂蜜",,"http://file.haoyunwuyou.com/1c325201712301635276095.jpg","17/12/2018 11:56:59"
"632","3","涂白花油",,"http://file.haoyunwuyou.com/7bdd020171230163416617.jpg","17/12/2018 11:56:59"
"633","3","涂宝宝金水",,"http://file.haoyunwuyou.com/afdc9201712301633061997.jpg","17/12/2018 11:56:59"
"634","3","用痱子粉",,"http://file.haoyunwuyou.com/fdb7d20171230163212502.jpg","17/12/2018 11:56:59"
"635","3","涂万金油",,"http://file.haoyunwuyou.com/966a2201712301631062982.jpg","17/12/2018 11:56:59"
"636","3","用湿纸巾",,"http://file.haoyunwuyou.com/9c529201712301630136511.jpg","17/12/2018 11:56:59"
"637","3","用护垫",,"http://file.haoyunwuyou.com/94b45201712301629129738.jpg","17/12/2018 11:56:59"
"638","3","剃毛",,"http://file.haoyunwuyou.com/60618201712301628167886.jpg","17/12/2018 11:56:59"
"639","3","涂达克宁",,"http://file.haoyunwuyou.com/2500720171230162730212.jpg","17/12/2018 11:56:59"
"640","3","用红霉素",,"http://file.haoyunwuyou.com/e0cf9201712301626336780.jpg","17/12/2018 11:56:59"
"641","3","涂活络油",,"http://file.haoyunwuyou.com/03ce9201712301625293181.jpg","17/12/2018 11:56:59"
"642","3","涂双飞人",,"http://file.haoyunwuyou.com/b4046201712301623291782.jpg","17/12/2018 11:56:59"
"643","3","用脱毛膏",,"http://file.haoyunwuyou.com/90e88201712301622235834.jpg","17/12/2018 11:56:59"
"644","3","涂痔疮膏",,"http://file.haoyunwuyou.com/425cc20171230162050466.jpg","17/12/2018 11:56:59"
"645","3","涂碘伏",,"http://file.haoyunwuyou.com/57bb3201712301619063824.jpg","17/12/2018 11:56:59"
"646","3","涂止汗露",,"http://file.haoyunwuyou.com/242c4201712301618061968.jpg","17/12/2018 11:57:00"
"647","3","拔火罐",,"http://file.haoyunwuyou.com/0c9902017123016171035.jpg","17/12/2018 11:57:00"
"648","3","用艾叶泡脚",,"http://file.haoyunwuyou.com/ea0ba201712301616148024.jpg","17/12/2018 11:57:00"
"649","3","按摩头部",,"http://file.haoyunwuyou.com/9ca82201712301615249473.jpg","17/12/2018 11:57:00"
"650","3","涂皮炎平",,"http://file.haoyunwuyou.com/592c4201712301614071194.jpg","17/12/2018 11:57:00"
"651","3","用硫磺皂",,"http://file.haoyunwuyou.com/13aaf201712301612513920.jpg","17/12/2018 11:57:00"
"652","3","涂身体乳",,"http://file.haoyunwuyou.com/f7bbf201712301611241810.jpg","17/12/2018 11:57:00"
"653","3","做CT检查",,"http://file.haoyunwuyou.com/63a2e201712301610095752.jpg","17/12/2018 11:57:00"
"654","3","做X光检查",,"http://file.haoyunwuyou.com/160ab201712301608542664.jpg","17/12/2018 11:57:00"
"655","3","涂风油精",,"http://file.haoyunwuyou.com/1e406201712301606474191.jpg","17/12/2018 11:57:00"
"656","3","涂清凉油",,"http://file.haoyunwuyou.com/1d7a6201712301605095937.jpg","17/12/2018 11:57:00"
"657","3","涂妊娠纹乳液",,"http://file.haoyunwuyou.com/4b753201712301604012280.jpg","17/12/2018 11:57:00"
"658","3","裸睡",,"http://file.haoyunwuyou.com/46ec8201712301600531349.jpg","17/12/2018 11:57:00"
"659","3","泡脚",,"http://file.haoyunwuyou.com/4728d201801041453018595.jpg","17/12/2018 11:57:00"
"660","3","美甲",,"http://file.haoyunwuyou.com/45f5820171230155834987.jpg","17/12/2018 11:57:00"
"661","3","照B超",,"http://file.haoyunwuyou.com/3c7a4201712301556453848.jpg","17/12/2018 11:57:01"
"662","3","照阴超",,"http://file.haoyunwuyou.com/d0b4d201712301551497127.jpg","17/12/2018 11:57:01"
"663","3","照彩超",,"http://file.haoyunwuyou.com/59dcf201712301550586758.jpg","17/12/2018 11:57:01"
"664","3","点痣",,"http://file.haoyunwuyou.com/82179201712301549595591.jpg","17/12/2018 11:57:01"
"665","3","用眼霜",,"http://file.haoyunwuyou.com/7d40420171230154903349.jpg","17/12/2018 11:57:01"
"666","3","涂BB霜",,"http://file.haoyunwuyou.com/0a601201712301545199188.jpg","17/12/2018 11:57:01"
"667","3","用醋洗脸",,"http://file.haoyunwuyou.com/a6d9220171230154421339.jpg","17/12/2018 11:57:01"
"668","3","脸部刮痧",,"http://file.haoyunwuyou.com/22d0e201712301542539361.jpg","17/12/2018 11:57:01"
"669","3","涂防晒霜",,"http://file.haoyunwuyou.com/b7eb3201712301541523698.jpg","17/12/2018 11:57:01"
"670","3","挤痘痘",,"http://file.haoyunwuyou.com/18889201712301540249889.jpg","17/12/2018 11:57:01"
"671","3","种睫毛",,"http://file.haoyunwuyou.com/455a3201712301539052468.jpg","17/12/2018 11:57:01"
"672","3","用眼膜",,"http://file.haoyunwuyou.com/1178f201712301538038320.jpg","17/12/2018 11:57:01"
"673","3","用唇膏",,"http://file.haoyunwuyou.com/b043d201712301536466600.jpg","17/12/2018 11:57:01"
"674","3","用洗面奶",,"http://file.haoyunwuyou.com/a55a1201801041449259405.jpg","17/12/2018 11:57:01"
"675","3","纹眉",,"http://file.haoyunwuyou.com/8647f201712301533581639.jpg","17/12/2018 11:57:01"
"676","3","修眉",,"http://file.haoyunwuyou.com/98df6201712301532558676.jpg","17/12/2018 11:57:01"
"677","3","去角质",,"http://file.haoyunwuyou.com/5d86e201712301525082915.jpg","17/12/2018 11:57:02"
"678","3","用珍珠粉",,"http://file.haoyunwuyou.com/67347201712301523177867.jpg","17/12/2018 11:57:02"
"679","3","用芦荟胶",,"http://file.haoyunwuyou.com/34b35201712301520328210.jpg","17/12/2018 11:57:02"
"680","3","用隔离霜",,"http://file.haoyunwuyou.com/c9ed4201712301519229469.jpg","17/12/2018 11:57:02"
"681","3","画眉毛",,"http://file.haoyunwuyou.com/5a51f201712301518189786.jpg","17/12/2018 11:57:02"
"682","3","用蒸脸器",,"http://file.haoyunwuyou.com/2eed4201712301516588008.jpg","17/12/2018 11:57:02"
"683","3","用爽肤水",,"http://file.haoyunwuyou.com/b5400201712301515516278.jpg","17/12/2018 11:57:02"
"684","3","面部按摩",,"http://file.haoyunwuyou.com/463d2201712301514375023.jpg","17/12/2018 11:57:02"
"685","3","用祛斑产品",,"http://file.haoyunwuyou.com/2b597201712301513298706.jpg","17/12/2018 11:57:02"
"686","3","敷面膜",,"http://file.haoyunwuyou.com/70e8020171230151226494.jpg","17/12/2018 11:57:02"
"687","3","用脱毛剂",,"http://file.haoyunwuyou.com/975f6201712301511199973.jpg","17/12/2018 11:57:02"
"688","3","涂口红",,"http://file.haoyunwuyou.com/209ce201712301508401385.jpg","17/12/2018 11:57:02"
"689","3","涂指甲油",,"http://file.haoyunwuyou.com/53593201712301506427049.jpg","17/12/2018 11:57:02"
"690","3","化妆",,"http://file.haoyunwuyou.com/9256b201712301505405327.jpg","17/12/2018 11:57:02"
"691","3","用护肤品",,"http://file.haoyunwuyou.com/139d1201712301504126308.jpg","17/12/2018 11:57:02"
"692","3","喷香水",,"http://file.haoyunwuyou.com/c94ec201712301503115104.jpg","17/12/2018 11:57:02"
"693","3","做针灸",,"http://file.haoyunwuyou.com/e182f201712301501359808.jpg","17/12/2018 11:57:03"
"694","3","涂碘酒",,"http://file.haoyunwuyou.com/7fb02201712301500259531.jpg","17/12/2018 11:57:03"
"695","3","用无比滴",,"http://file.haoyunwuyou.com/0e3c1201712301459143501.jpg","17/12/2018 11:57:03"
"696","3","减肥",,"http://file.haoyunwuyou.com/9ece9201801041445292528.jpg","17/12/2018 11:57:03"
"697","3","刮痧",,"http://file.haoyunwuyou.com/ca193201712301456477261.jpg","17/12/2018 11:57:03"
"698","3","用收腹带",,"http://file.haoyunwuyou.com/b2259201801041444239304.jpg","17/12/2018 11:57:03"
"699","3","用复印机",,"http://file.haoyunwuyou.com/f1aa9201801041442482791.jpg","17/12/2018 11:57:03"
"700","3","补牙",,"http://file.haoyunwuyou.com/53508201712301451485457.jpg","17/12/2018 11:57:03"
"701","3","做雾化",,"http://file.haoyunwuyou.com/3a606201712301450572431.jpg","17/12/2018 11:57:03"
"702","3","提肛运动",,"http://file.haoyunwuyou.com/76ff2201712301449582553.jpg","17/12/2018 11:57:03"
"703","3","头发护理",,"http://file.haoyunwuyou.com/7ed62201712301448396323.jpg","17/12/2018 11:57:03"
"704","3","阑尾炎手术",,"http://file.haoyunwuyou.com/8e83b201712301447256923.jpg","17/12/2018 11:57:03"
"705","3","面部水疗",,"http://file.haoyunwuyou.com/68b18201712301446327633.jpg","17/12/2018 11:57:03"
"706","3","做乳腺彩超",,"http://file.haoyunwuyou.com/33d78201712301445441036.jpg","17/12/2018 11:57:03"
"707","3","剪指甲",,"http://file.haoyunwuyou.com/ff739201712301442526449.jpg","17/12/2018 11:57:03"
"708","3","激光脱毛",,"http://file.haoyunwuyou.com/c36d1201712301441454701.jpg","17/12/2018 11:57:04"
"709","3","脸部护理",,"http://file.haoyunwuyou.com/2fc21201712301439509483.jpg","17/12/2018 11:57:04"
"710","3","体检",,"http://file.haoyunwuyou.com/6368a201712301439008215.jpg","17/12/2018 11:57:04"
"711","3","做心电图",,"http://file.haoyunwuyou.com/17c13201712301438115312.jpg","17/12/2018 11:57:04"
"712","3","做美容",,"http://file.haoyunwuyou.com/1d255201712301437014962.jpg","17/12/2018 11:57:04"
"713","3","做足疗",,"http://file.haoyunwuyou.com/c06b1201712301435466539.jpg","17/12/2018 11:57:04"
"714","3","做乳透",,"http://file.haoyunwuyou.com/5241a201712301434417352.jpg","17/12/2018 11:57:04"
"715","3","贴脚膜",,"http://file.haoyunwuyou.com/a52ee201712301433445333.jpg","17/12/2018 11:57:04"
"716","3","做激光祛斑",,"http://file.haoyunwuyou.com/e5e1520171230143238948.jpg","17/12/2018 11:57:04"
"717","3","做彩光祛斑",,"http://file.haoyunwuyou.com/ec870201712301431367286.jpg","17/12/2018 11:57:04"
"718","3","埋线减肥",,"http://file.haoyunwuyou.com/795b7201712301430402474.jpg","17/12/2018 11:57:04"
"719","3","做缩阴术",,"http://file.haoyunwuyou.com/0efac201712301429301482.jpg","17/12/2018 11:57:04"
"720","3","直发",,"http://file.haoyunwuyou.com/399ed201712301428151592.jpg","17/12/2018 11:57:04"
"721","3","用精油按摩",,"http://file.haoyunwuyou.com/6a92e201712301426498372.jpg","17/12/2018 11:57:05"
"722","3","e光脱毛",,"http://file.haoyunwuyou.com/0f54d20171230142550797.jpg","17/12/2018 11:57:05"
"723","3","做副乳切除手术",,"http://file.haoyunwuyou.com/dc9b0201712301424411495.jpg","17/12/2018 11:57:05"
"724","3","根管治疗",,"http://file.haoyunwuyou.com/59dfb201712301423286661.jpg","17/12/2018 11:57:05"
"725","3","做光子嫩肤",,"http://file.haoyunwuyou.com/8298e201712301421364857.jpg","17/12/2018 11:57:05"
"726","3","割双眼皮",,"http://file.haoyunwuyou.com/9bb1e201712301420441073.jpg","17/12/2018 11:57:05"
"727","3","体雕",,"http://file.haoyunwuyou.com/3e8d3201712301419426449.jpg","17/12/2018 11:57:05"
"728","3","做整形手术",,"http://file.haoyunwuyou.com/0edd1201712301418329378.jpg","17/12/2018 11:57:05"
"729","3","做植皮手术",,"http://file.haoyunwuyou.com/43449201712301416027729.jpg","17/12/2018 11:57:05"
"730","3","做火疗",,"http://file.haoyunwuyou.com/fe5ee201712301414499435.jpg","17/12/2018 11:57:05"
"731","3","点穴减肥",,"http://file.haoyunwuyou.com/ec60f201712301413582388.jpg","17/12/2018 11:57:05"
"732","3","做胸透检查",,"http://file.haoyunwuyou.com/3adda201712301411439167.jpg","17/12/2018 11:57:05"
"733","3","去眼袋手术",,"http://file.haoyunwuyou.com/4545a20171230141009557.jpg","17/12/2018 11:57:05"
"734","3","做头发",,"http://file.haoyunwuyou.com/5e199201712301409023681.jpg","17/12/2018 11:57:05"
"735","3","去狐臭手术",,"http://file.haoyunwuyou.com/5ccd2201712301406306748.jpg","17/12/2018 11:57:05"
"736","3","假体隆鼻",,"http://file.haoyunwuyou.com/4e66d201712301405345034.jpg","17/12/2018 11:57:05"
"737","3","核磁共振",,"http://file.haoyunwuyou.com/ce589201712301404228735.jpg","17/12/2018 11:57:06"
"738","3","红霉素软膏",,"http://file.haoyunwuyou.com/3015b201712301357104288.jpg","17/12/2018 11:57:06"
"739","3","用漱口水",,"http://file.haoyunwuyou.com/044b1201712301355528024.jpg","17/12/2018 11:57:06"
"740","3","牙白素",,"http://file.haoyunwuyou.com/8c78b201712301354353235.jpg","17/12/2018 11:57:06"
"741","3","化淡妆",,"http://file.haoyunwuyou.com/ef596201712301159521519.jpg","17/12/2018 11:57:06"
"742","3","化彩妆",,"http://file.haoyunwuyou.com/f4819201712301155374635.jpg","17/12/2018 11:57:06"
"743","3","涂橄榄油",,"http://file.haoyunwuyou.com/e555a201712301150421663.jpg","17/12/2018 11:57:06"
"744","3","涂皮康王",,"http://file.haoyunwuyou.com/876b5201712301149285983.jpg","17/12/2018 11:57:06"
"745","3","艾灸",,"http://file.haoyunwuyou.com/feb90201712301147528330.jpg","17/12/2018 11:57:06"
"746","3","按腰",,"http://file.haoyunwuyou.com/931e2201712301146533946.jpg","17/12/2018 11:57:06"
"747","4","拍婚纱照",,"http://file.haoyunwuyou.com/b97db20171230114342887.jpg","17/12/2018 11:57:06"
"748","4","放鞭炮",,"http://file.haoyunwuyou.com/9c41b201712301142345385.jpg","17/12/2018 11:57:06"
"749","4","去酒吧",,"http://file.haoyunwuyou.com/abcaf201712301141088696.jpg","17/12/2018 11:57:06"
"750","4","看电影",,"http://file.haoyunwuyou.com/43ce4201712301140101129.jpg","17/12/2018 11:57:06"
"751","4","看演唱会",,"http://file.haoyunwuyou.com/72ca9201712301139045281.jpg","17/12/2018 11:57:06"
"752","4","唱K",,"http://file.haoyunwuyou.com/97d8a201712301137545571.jpg","17/12/2018 11:57:07"
"753","4","拍照",,"http://file.haoyunwuyou.com/eb124201712301136499241.jpg","17/12/2018 11:57:07"
"754","4","画画",,"http://file.haoyunwuyou.com/c1b25201712301135344567.jpg","17/12/2018 11:57:07"
"755","4","烧烤",,"http://file.haoyunwuyou.com/a30fd201712301134033317.jpg","17/12/2018 11:57:07"
"756","4","玩碰碰车",,"http://file.haoyunwuyou.com/ab7f6201712301133059545.jpg","17/12/2018 11:57:07"
"757","4","去网吧",,"http://file.haoyunwuyou.com/d21b9201712301131382565.jpg","17/12/2018 11:57:07"
"758","4","打牌",,"http://file.haoyunwuyou.com/8fb15201712301130297416.jpg","17/12/2018 11:57:07"
"759","4","看黄片",,"http://file.haoyunwuyou.com/3e323201712301129301771.jpg","17/12/2018 11:57:07"
"760","4","做瑜伽",,"http://file.haoyunwuyou.com/954b2201712301128214953.jpg","17/12/2018 11:57:07"
"761","4","打麻将",,"http://file.haoyunwuyou.com/04b14201712301126399519.jpg","17/12/2018 11:57:07"
"762","4","看书",,"http://file.haoyunwuyou.com/5479c201712301125528201.jpg","17/12/2018 11:57:07"
"763","4","绣十字绣",,"http://file.haoyunwuyou.com/5697a201712301123527234.jpg","17/12/2018 11:57:07"
"764","4","弹钢琴",,"http://file.haoyunwuyou.com/134c4201712301119557854.jpg","17/12/2018 11:57:07"
"765","4","听歌",,"http://file.haoyunwuyou.com/3e7dd201712301118507144.jpg","17/12/2018 11:57:07"
"766","4","聚餐",,"http://file.haoyunwuyou.com/7bbe5201712301117455516.jpg","17/12/2018 11:57:07"
"767","4","漂流",,"http://file.haoyunwuyou.com/f3cc7201712301116463322.jpg","17/12/2018 11:57:07"
"768","4","玩斗地主",,"http://file.haoyunwuyou.com/a9b31201801041434354039.jpg","17/12/2018 11:57:08"
"769","5","穿人字拖",,"http://file.haoyunwuyou.com/dc3bb201712281705551193.jpg","17/12/2018 11:57:08"
"770","5","穿牛仔裤",,"http://file.haoyunwuyou.com/e8c91201712281704353518.jpg","17/12/2018 11:57:08"
"771","5","戴银饰",,"http://file.haoyunwuyou.com/8e3c120171228170324194.jpg","17/12/2018 11:57:08"
"772","5","戴手表",,"http://file.haoyunwuyou.com/10586201712281701142123.jpg","17/12/2018 11:57:08"
"773","5","戴项链",,"http://file.haoyunwuyou.com/ee12020171228165952163.jpg","17/12/2018 11:57:08"
"774","5","戴铂金饰品",,"http://file.haoyunwuyou.com/417f6201712281658446811.jpg","17/12/2018 11:57:08"
"775","5","穿裙子",,"http://file.haoyunwuyou.com/87740201712281657448292.jpg","17/12/2018 11:57:08"
"776","5","戴耳环",,"http://file.haoyunwuyou.com/86d6a201712281656346601.jpg","17/12/2018 11:57:08"
"777","5","穿长筒袜",,"http://file.haoyunwuyou.com/17979201712281655282604.jpg","17/12/2018 11:57:08"
"778","5","穿内裤",,"http://file.haoyunwuyou.com/e7007201712281654322301.jpg","17/12/2018 11:57:08"
"779","5","穿文胸",,"http://file.haoyunwuyou.com/66c7c20171228165337571.jpg","17/12/2018 11:57:08"
"780","5","戴玉器",,"http://file.haoyunwuyou.com/d1386201712281652249418.jpg","17/12/2018 11:57:08"
"781","5","穿丝袜",,"http://file.haoyunwuyou.com/36755201712281651126577.jpg","17/12/2018 11:57:08"
"782","5","戴隐形眼镜",,"http://file.haoyunwuyou.com/7150e201712281650035236.jpg","17/12/2018 11:57:08"
"783","5","戴手镯",,"http://file.haoyunwuyou.com/aaf9b201712281648375420.jpg","17/12/2018 11:57:08"
"784","5","戴钻戒",,"http://file.haoyunwuyou.com/9a22e201712281645581978.jpg","17/12/2018 11:57:08"
"785","5","穿高跟鞋",,"http://file.haoyunwuyou.com/af535201712281644347537.jpg","17/12/2018 11:57:09"
"786","5","戴牙套",,"http://file.haoyunwuyou.com/b55bb201712281641426159.jpg","17/12/2018 11:57:09"
"787","6","养水仙",,"http://file.haoyunwuyou.com/724a6201712301112152634.jpg","17/12/2018 11:57:09"
"788","6","养滴水观音",,"http://file.haoyunwuyou.com/ff3b3201801041432343361.jpg","17/12/2018 11:57:09"
"789","6","养百合花",,"http://file.haoyunwuyou.com/757a7201712301041399378.jpg","17/12/2018 11:57:09"
"790","6","养茉莉花",,"http://file.haoyunwuyou.com/0542e201712301040296197.jpg","17/12/2018 11:57:09"
"791","6","养栀子花",,"http://file.haoyunwuyou.com/f854d201712301028241992.jpg","17/12/2018 11:57:09"
"792","6","养花",,"http://file.haoyunwuyou.com/cb14720171230101534463.jpg","17/12/2018 11:57:09"
"793","6","养有毒植物",,"http://file.haoyunwuyou.com/3c4b9201712301013415765.jpg","17/12/2018 11:57:09"
"794","6","用暖手宝",,"http://file.haoyunwuyou.com/b9fa720171230101239260.jpg","17/12/2018 11:57:09"
"795","6","用洗洁精",,"http://file.haoyunwuyou.com/b6b04201712301011293627.jpg","17/12/2018 11:57:09"
"796","6","刷油漆",,"http://file.haoyunwuyou.com/f4759201712301009415745.jpg","17/12/2018 11:57:09"
"797","6","用消毒液",,"http://file.haoyunwuyou.com/5054e201712301005188353.jpg","17/12/2018 11:57:09"
"798","6","搬运重物",,"http://file.haoyunwuyou.com/f23a4201712301001349683.jpg","17/12/2018 11:57:09"
"799","6","整理衣服",,"http://file.haoyunwuyou.com/f8d3e20171230095952587.jpg","17/12/2018 11:57:09"
"800","6","大扫除",,"http://file.haoyunwuyou.com/1f559201712300954357949.jpg","17/12/2018 11:57:09"
"801","6","购物",,"http://file.haoyunwuyou.com/5e63b201712291416342604.jpg","17/12/2018 11:57:09"
"802","6","买菜",,"http://file.haoyunwuyou.com/2528b201712291414228551.jpg","17/12/2018 11:57:09"
"803","6","折衣服",,"http://file.haoyunwuyou.com/908cd201712291413037877.jpg","17/12/2018 11:57:10"
"804","6","洗衣服",,"http://file.haoyunwuyou.com/36384201712291412055057.jpg","17/12/2018 11:57:10"
"805","6","擦地板",,"http://file.haoyunwuyou.com/73a5a201712291410498505.jpg","17/12/2018 11:57:10"
"806","6","扫地",,"http://file.haoyunwuyou.com/e6376201712291407521586.jpg","17/12/2018 11:57:10"
"807","6","擦桌子",,"http://file.haoyunwuyou.com/13725201712291406186406.jpg","17/12/2018 11:57:10"
"808","6","洗碗",,"http://file.haoyunwuyou.com/d3d8c201712291404478622.jpg","17/12/2018 11:57:10"
"809","6","做饭",,"http://file.haoyunwuyou.com/0216f201712291403589198.jpg","17/12/2018 11:57:10"
"810","6","烤频谱",,"http://file.haoyunwuyou.com/60144201712291403014719.jpg","17/12/2018 11:57:10"
"811","6","用暖风机",,"http://file.haoyunwuyou.com/e4665201712291401577640.jpg","17/12/2018 11:57:10"
"812","6","用平板电脑",,"http://file.haoyunwuyou.com/1bad2201712291400582760.jpg","17/12/2018 11:57:10"
"813","6","用抽油烟机",,"http://file.haoyunwuyou.com/55d35201712291358016794.jpg","17/12/2018 11:57:10"
"814","6","用空气净化器",,"http://file.haoyunwuyou.com/759d4201712291356276110.jpg","17/12/2018 11:57:10"
"815","6","用烤箱",,"http://file.haoyunwuyou.com/c858b201801041429041801.jpg","17/12/2018 11:57:10"
"816","6","用条码扫描器",,"http://file.haoyunwuyou.com/27a71201712291353478216.jpg","17/12/2018 11:57:10"
"817","6","用夹板",,"http://file.haoyunwuyou.com/75095201712291353002436.jpg","17/12/2018 11:57:10"
"818","6","听收音机",,"http://file.haoyunwuyou.com/12def201712291351163520.jpg","17/12/2018 11:57:10"
"819","6","灭蚊灯",,"http://file.haoyunwuyou.com/93a16201801041426389145.jpg","17/12/2018 11:57:10"
"820","6","用电蚊拍",,"http://file.haoyunwuyou.com/74d14201712291346116723.jpg","17/12/2018 11:57:10"
"821","6","电暖器",,"http://file.haoyunwuyou.com/e92d7201712291341185474.jpg","17/12/2018 11:57:11"
"822","6","用电火炉",,"http://file.haoyunwuyou.com/8d629201712291339437258.jpg","17/12/2018 11:57:11"
"823","6","用电暖宝",,"http://file.haoyunwuyou.com/9b998201712291338278331.jpg","17/12/2018 11:57:11"
"824","6","用电饭煲",,"http://file.haoyunwuyou.com/7bd4b201801041425093338.jpg","17/12/2018 11:57:11"
"825","6","用吸尘器",,"http://file.haoyunwuyou.com/4abe7201712291202122593.jpg","17/12/2018 11:57:11"
"826","6","用打印机",,"http://file.haoyunwuyou.com/39099201712291201136443.jpg","17/12/2018 11:57:11"
"827","6","穿防辐射服",,"http://file.haoyunwuyou.com/294c2201712291200073572.jpg","17/12/2018 11:57:11"
"828","6","用电脑",,"http://file.haoyunwuyou.com/99941201712291159111007.jpg","17/12/2018 11:57:11"
"829","6","用手机",,"http://file.haoyunwuyou.com/56db0201712291158139158.jpg","17/12/2018 11:57:11"
"830","6","用电磁炉",,"http://file.haoyunwuyou.com/c6dda201712291157152292.jpg","17/12/2018 11:57:11"
"831","6","用微波炉",,"http://file.haoyunwuyou.com/9ba3e201712291155508596.jpg","17/12/2018 11:57:11"
"832","6","烤火",,"http://file.haoyunwuyou.com/a9b67201712291153481869.jpg","17/12/2018 11:57:11"
"833","6","闻薰衣草",,"http://file.haoyunwuyou.com/8f63a201712291151587030.jpg","17/12/2018 11:57:11"
"834","6","用杀虫剂",,"http://file.haoyunwuyou.com/19c1520171229115019843.jpg","17/12/2018 11:57:11"
"835","6","养仓鼠",,"http://file.haoyunwuyou.com/a594f201712291148308565.jpg","17/12/2018 11:57:11"
"836","6","养兔子",,"http://file.haoyunwuyou.com/b1567201712291147391829.jpg","17/12/2018 11:57:11"
"837","6","用电烤炉",,"http://file.haoyunwuyou.com/de6c4201712291146351610.jpg","17/12/2018 11:57:11"
"838","6","用樟脑丸",,"http://file.haoyunwuyou.com/18134201712291145435423.jpg","17/12/2018 11:57:11"
"839","6","用除湿剂",,"http://file.haoyunwuyou.com/959df201712291143438908.jpg","17/12/2018 11:57:12"
"840","6","养鸡",,"http://file.haoyunwuyou.com/be3f4201712291139448391.jpg","17/12/2018 11:57:12"
"841","6","用WiFi",,"http://file.haoyunwuyou.com/22647201712291138426094.jpg","17/12/2018 11:57:12"
"842","6","用空气清新剂",,"http://file.haoyunwuyou.com/41515201712291137149166.jpg","17/12/2018 11:57:12"
"843","6","养猫",,"http://file.haoyunwuyou.com/55f97201712291135042333.jpg","17/12/2018 11:57:12"
"844","6","做针线活",,"http://file.haoyunwuyou.com/885ee201712291132169024.jpg","17/12/2018 11:57:12"
"845","6","睡凉席",,"http://file.haoyunwuyou.com/3e202201712291131059926.jpg","17/12/2018 11:57:12"
"846","6","熨衣服",,"http://file.haoyunwuyou.com/125c4201712291128428418.jpg","17/12/2018 11:57:12"
"847","6","吸二手烟",,"http://file.haoyunwuyou.com/4b42f20171229112736731.jpg","17/12/2018 11:57:12"
"848","6","用蚊香片",,"http://file.haoyunwuyou.com/0aacb201712291126239965.jpg","17/12/2018 11:57:12"
"849","6","用剪刀",,"http://file.haoyunwuyou.com/8fb29201712291121562199.jpg","17/12/2018 11:57:12"
"850","6","用热水袋",,"http://file.haoyunwuyou.com/4a2e4201801041422148399.jpg","17/12/2018 11:57:12"
"851","6","用精油",,"http://file.haoyunwuyou.com/139a2201712291118205924.jpg","17/12/2018 11:57:12"
"852","6","烧香",,"http://file.haoyunwuyou.com/c638f201712291116098616.jpg","17/12/2018 11:57:12"
"853","6","用电暖气",,"http://file.haoyunwuyou.com/e92d7201712291114278946.jpg","17/12/2018 11:57:12"
"854","6","用蚊香液",,"http://file.haoyunwuyou.com/714b5201712291113033660.jpg","17/12/2018 11:57:12"
"855","6","用电蚊香",,"http://file.haoyunwuyou.com/6344c201712291111017010.jpg","17/12/2018 11:57:13"
"856","6","睡新床",,"http://file.haoyunwuyou.com/3ce8f201712291107197810.jpg","17/12/2018 11:57:13"
"857","6","用洗衣液",,"http://file.haoyunwuyou.com/57a93201712291106019880.jpg","17/12/2018 11:57:13"
"858","6","用肥皂",,"http://file.haoyunwuyou.com/7d2b6201712291104115187.jpg","17/12/2018 11:57:13"
"859","6","用洗衣机",,"http://file.haoyunwuyou.com/47b05201712291101522754.jpg","17/12/2018 11:57:13"
"860","6","睡席梦思",,"http://file.haoyunwuyou.com/63911201712291100237775.jpg","17/12/2018 11:57:13"
"861","6","用香薰",,"http://file.haoyunwuyou.com/4388b201712291059096369.jpg","17/12/2018 11:57:13"
"862","6","听噪音",,"http://file.haoyunwuyou.com/27ba220171229105800554.jpg","17/12/2018 11:57:13"
"863","6","用吹风机",,"http://file.haoyunwuyou.com/ef91d2017122910565238.jpg","17/12/2018 11:57:13"
"864","6","看电视",,"http://file.haoyunwuyou.com/1319c201712291055465813.jpg","17/12/2018 11:57:13"
"865","6","吹风扇",,"http://file.haoyunwuyou.com/43536201712291053347303.jpg","17/12/2018 11:57:13"
"866","6","吹空调",,"http://file.haoyunwuyou.com/6640e201801041419124894.jpg","17/12/2018 11:57:13"
"867","6","住高层楼房",,"http://file.haoyunwuyou.com/61e9e201712291050519438.jpg","17/12/2018 11:57:13"
"868","6","装修房子",,"http://file.haoyunwuyou.com/0821f201712291048431612.jpg","17/12/2018 11:57:13"
"869","6","养卧室植物",,"http://file.haoyunwuyou.com/4a368201712291039358667.jpg","17/12/2018 11:57:13"
"870","6","养宠物",,"http://file.haoyunwuyou.com/53b32201712291036412161.jpg","17/12/2018 11:57:13"
